blog_title,blog_url,image_url
POCSO Act: Landmark Cases and amendment,https://blog.finology.in/Legal-news/pocso-act,https://d3po6s2ufk88fh.cloudfront.net/600x400/blog/14f9241c87fa464881916512128ac9b3.jpg
Road Safety Laws and Increase in the no. of accidents,https://blog.finology.in/Legal-news/road-safety-laws,https://d3po6s2ufk88fh.cloudfront.net/600x400/blog/1c60531464044b2195bb7289694d3d20.jpg
EWS Reservation: Know Everything About it,https://blog.finology.in/Legal-news/ews-reservation,https://d3po6s2ufk88fh.cloudfront.net/600x400/blog/0f7f583f6daa48739e2ba74ea0097d19.jpg
Iraq Political Crisis: What is happening in Iraq?,https://blog.finology.in/Legal-news/iraq-political-crisis,https://d3po6s2ufk88fh.cloudfront.net/600x400/blog/c173d86f5ee6423cb6fb3de03d3e6ba4.jpg
What is Digital Rape? Laws & Punishment,https://blog.finology.in/Legal-news/digital-rape,https://d3po6s2ufk88fh.cloudfront.net/600x400/blog/ebc14c3d50034c8c94bd87c20de52e0f.jpg
Around 5 crore cases are pending in courts across India,https://blog.finology.in/Legal-news/pending-cases-in-india,https://d3po6s2ufk88fh.cloudfront.net/600x400/blog/21c95c4146e24af2befd1b597f4a4a0c.jpg
INS Vikrant: India,https://blog.finology.in/Legal-news/ins-vikrant,https://d3po6s2ufk88fh.cloudfront.net/600x400/blog/3e78c727553043baa30d3dcd1d68e7ab.jpg
SC to hear 25 Constitution bench cases from August 29th,https://blog.finology.in/Legal-news/supreme-court-25-constitution-bench-29-august,https://d3po6s2ufk88fh.cloudfront.net/600x400/blog/f4451a51aa4a48a7b7b431c116265b14.jpg
List of Governor Generals of India,https://blog.finology.in/Legal-news/list-of-governor-general-in-india,https://d3po6s2ufk88fh.cloudfront.net/600x400/blog/9471766f4b2d4a9d87030addd6f70fb9.jpg
Animal Rights in India: Landmark Cases and laws,https://blog.finology.in/Legal-news/animal-rights-india,https://d3po6s2ufk88fh.cloudfront.net/600x400/blog/972fede115da4a46b4b74191b9b238b1.jpg
Is Delhi a Union Territory or State?,https://blog.finology.in/Legal-news/is-delhi-a-union-territory,https://d3po6s2ufk88fh.cloudfront.net/600x400/blog/c5d3956cb87844dcb21956bdd0deb562.jpg
Justice UU Lalit: Important Cases and Judgments,https://blog.finology.in/Legal-news/uu-lalit,https://d3po6s2ufk88fh.cloudfront.net/600x400/blog/9389fe9ba976418fb5f5ebdff94e5c0b.jpg
NV Ramana: Careers and Cases,https://blog.finology.in/Legal-news/nv-ramana,https://d3po6s2ufk88fh.cloudfront.net/600x400/blog/0204dae946674ea3be733a51108ff86c.jpg
NASA James Webb Space Telescope,https://blog.finology.in/Legal-news/nasa-james-webb-space-telescope,https://d3po6s2ufk88fh.cloudfront.net/600x400/blog/e45c745b7cd649e4bea8f082234e9c99.jpg
What is India,https://blog.finology.in/Legal-news/refugee-policy,https://d3po6s2ufk88fh.cloudfront.net/600x400/blog/878baaaf9017436cbdc3156799e01393.jpg
The Oscars: List of Winners and Categories,https://blog.finology.in/Legal-news/oscars-winners,https://d3po6s2ufk88fh.cloudfront.net/600x400/blog/4818ba61d00f4c68a8a265f927c8e7e6.jpg
Why patent is delayed in India?,https://blog.finology.in/Legal-news/why-patent-is-delayed-in-india,https://d3po6s2ufk88fh.cloudfront.net/600x400/blog/72c6702dd39c4a3dbddc084f49833b9b.jpg
Indian Air Force Ranks and Insignia,https://blog.finology.in/Legal-news/ranks-insignia-air-force,https://d3po6s2ufk88fh.cloudfront.net/600x400/blog/0c7360db963a4f69930633f47de70f56.jpg
What is the difference between States and Union Territories?,https://blog.finology.in/Legal-news/states-union-territories,https://d3po6s2ufk88fh.cloudfront.net/600x400/blog/47fd5507854745159c2295d658614109.jpg
Indian Navy Ranks and Insignia,https://blog.finology.in/Legal-news/ranks-insignia-navy,https://d3po6s2ufk88fh.cloudfront.net/600x400/blog/5b3ee07b8ae74dfd945182ecfcf8515f.jpg
Indian Army Ranks and Insignia,https://blog.finology.in/Legal-news/indian-army-ranks,https://d3po6s2ufk88fh.cloudfront.net/600x400/blog/9d9b93d7a4ef4f86a32d55303d0e12af.jpg
Ashoka Chakra Award: Everything you need to know about,https://blog.finology.in/Legal-news/ashok-chakra-award,https://d3po6s2ufk88fh.cloudfront.net/600x400/blog/3fe30fe50b3144d9b958c1b36a599186.jpg
"Fatwa : Meaning, Legality & Examples",https://blog.finology.in/Legal-news/fatwa-meaning,https://d3po6s2ufk88fh.cloudfront.net/600x400/blog/eb760b7e783a461a85952e682e8a7f81.jpg
IAS Officer Salary: Structure & Facilities,https://blog.finology.in/Legal-news/ias-salary,https://d3po6s2ufk88fh.cloudfront.net/600x400/blog/c52ca2e31b9941a2a50b27f7f6b84956.jpg
Bharat Ratna Award Winners List: Civilian Awards in India,https://blog.finology.in/Legal-news/bharat-ratna-award-winners-list,https://d3po6s2ufk88fh.cloudfront.net/600x400/blog/82d8620aede548e394353386589139c4.jpg
Bilkis Bano Rape Case: Why rape convicts were released?,https://blog.finology.in/Legal-news/bilkis-bano,https://d3po6s2ufk88fh.cloudfront.net/600x400/blog/45b7017752fb4326ae1986e51044ce70.jpg
"WW2 - Timeline, Causes and Aftermath",https://blog.finology.in/Legal-news/world-war-2,https://d3po6s2ufk88fh.cloudfront.net/600x400/blog/15a7673d8efc455fbb3292d622f08d2b.jpg
Salman Rushdie Attack: Attempt to murder & book ban,https://blog.finology.in/Legal-news/salman-rushdie-attack-book-ban,https://d3po6s2ufk88fh.cloudfront.net/600x400/blog/d0c954ddd7814b56a960bc7b8e0cac98.jpg
The Untold Story of Madam Bhikaiji Cama,https://blog.finology.in/Legal-news/madam-bhikaiji-cama,https://d3po6s2ufk88fh.cloudfront.net/600x400/blog/9a00da3035d349baaa822f59837bfb25.jpg
List of 10 Freedom Fighters of India,https://blog.finology.in/Legal-news/top-10-freedom-fighters-of-india,https://d3po6s2ufk88fh.cloudfront.net/600x400/blog/117a05acd75a467fb3eeca02c25cc487.jpg
Flag Code of India- Everything you need to know,https://blog.finology.in/Legal-news/flag-code-of-india,https://d3po6s2ufk88fh.cloudfront.net/600x400/blog/47a7c9138b604f47a1a64c9ce0bf54b1.jpg
Why Pakistan celebrates Independence day on 14th August?,https://blog.finology.in/Legal-news/why-pakistan-celebrates-independence-day-on-14-august,https://d3po6s2ufk88fh.cloudfront.net/600x400/blog/1167de32d0be482689ec011f2e7434fb.jpg
10 Female Freedom Fighters of India,https://blog.finology.in/Legal-news/female-freedom-fighters-of-India,https://d3po6s2ufk88fh.cloudfront.net/600x400/blog/fb38b98e32ca42c1afe164b0aea71157.jpg
Khudiram Bose: Remembering the Forgotten Legend ,https://blog.finology.in/Legal-news/khudiram-bose,https://d3po6s2ufk88fh.cloudfront.net/600x400/blog/4e3f63bd49134736b1e318108cbce895.jpg
Indo-Pak War of 1947- India to celebrate 75th year of independence,https://blog.finology.in/Legal-news/indo-pak-war-1947,https://d3po6s2ufk88fh.cloudfront.net/600x400/blog/d4c59b8691684079a34155de620ef7f3.jpg
Evolution of National Flag of India,https://blog.finology.in/Legal-news/evolution-of-national-flag,https://d3po6s2ufk88fh.cloudfront.net/600x400/blog/805babcb905847039979aff0fbc1b4b0.jpg
Monsoon Session of the Parliament 2022,https://blog.finology.in/Legal-news/monsoon-session-of-the-parliament-2022,https://d3po6s2ufk88fh.cloudfront.net/600x400/blog/f4feb8f54b5a4c25875b9950e8f015f4.jpg
Is Polygamy Legal in India?,https://blog.finology.in/Legal-news/is-polygamy-legal-in-india,https://d3po6s2ufk88fh.cloudfront.net/600x400/blog/cde034785d3e405187051827ce7f4161.jpg
Enforcement Directorate: 10 High Profile Cases in India,https://blog.finology.in/Legal-news/enforcement-directorate,https://d3po6s2ufk88fh.cloudfront.net/600x400/blog/273542ea61c94c3d8675830743b8b233.jpg
Gold Loan: How does a gold loan work?,https://blog.finology.in/Legal-news/how-does-a-gold-loan-work,https://d3po6s2ufk88fh.cloudfront.net/600x400/blog/17d70a7d55b444608c0b9e18e88e7165.jpg
5G Spectrum Analysis: Everything you need to know,https://blog.finology.in/Legal-news/5g-spectrum-analysis,https://d3po6s2ufk88fh.cloudfront.net/600x400/blog/d3bc787d14c048298ba7a583744d083a.png
China-Taiwan Conflict: Is Taiwan part of China?,https://blog.finology.in/Legal-news/china-taiwan-conflict,https://d3po6s2ufk88fh.cloudfront.net/600x400/blog/05a50ce7bd9a42509f725eb83a27539c.jpg
Best UPSC books 2022,https://blog.finology.in/Legal-news/best-books-for-upsc-2022,https://d3po6s2ufk88fh.cloudfront.net/600x400/blog/e065e8ee12e0488899a83c242610ff75.jpg
"World War 1: Timeline, Reason and Aftermath",https://blog.finology.in/Legal-news/world-war-1,https://d3po6s2ufk88fh.cloudfront.net/600x400/blog/4a2a0784931940f6b8ad784e0090c302.jpg
Can government freebie promises be banned in India: SC raises concerns,https://blog.finology.in/Legal-news/government-freebies,https://d3po6s2ufk88fh.cloudfront.net/600x400/blog/214e65781d514a6e9244315aa3a2354a.jpg
"Commonwealth Games 2022: Medal Tally, Daily Schedule, and Updates",https://blog.finology.in/Legal-news/commonwealth-games-2022-updates,https://d3po6s2ufk88fh.cloudfront.net/600x400/blog/a135ee48f5414d1da0149d3072fd482f.jpg
Famous Landmark Cases of India,https://blog.finology.in/Legal-news/famous-cases-of-india,https://d3po6s2ufk88fh.cloudfront.net/600x400/blog/17f2aaca0cb84e3897d2c769fe55ebec.jpg
Why was Emergency declared in India in 1975? ,https://blog.finology.in/Legal-news/emergency-declared-in-1975-india,https://d3po6s2ufk88fh.cloudfront.net/600x400/blog/6373eef0eb364cfd9ddb80fbd4ae3807.jpg
List of Nobel Prize Winners from India,https://blog.finology.in/Legal-news/nobel-prize-winners-india,https://d3po6s2ufk88fh.cloudfront.net/600x400/blog/f2e85eea0d41481d9909749e46de3b93.jpg
National Herald Case- Accusations against Rahul Gandhi and Sonia Gandhi,https://blog.finology.in/Legal-news/national-herald-scam,https://d3po6s2ufk88fh.cloudfront.net/600x400/blog/279fadf0c09048a0a16777449b08d98d.JPG
Best law colleges in India- NIRF Rankings,https://blog.finology.in/Legal-news/best-law-colleges-nirf-ranking,https://d3po6s2ufk88fh.cloudfront.net/600x400/blog/3f29861b90f949168a8a4510997bf264.jpg
Top Law Colleges in India,https://blog.finology.in/Legal-news/top-law-colleges-in-india,https://d3po6s2ufk88fh.cloudfront.net/600x400/blog/a092238534fd46068eb8815b19b6dc0e.jpg
"UPSC 2022 Syllabus: IAS Prelims, Mains & Interview Stages",https://blog.finology.in/Legal-news/upsc-syllabus-2022,https://d3po6s2ufk88fh.cloudfront.net/600x400/blog/9a60ba4ce580418f916b95ea3d5ad502.JPG
Golden Visa: All you need to Know,https://blog.finology.in/Legal-news/what-is-golden-visa,https://d3po6s2ufk88fh.cloudfront.net/600x400/blog/bbb5459ac4664d5e8e9cf003aae093c1.JPG
Kargil War: Remembering Kargil War Heroes on Kargil Vijay Diwas,https://blog.finology.in/Legal-news/kargil-war-vijay-diwas,https://d3po6s2ufk88fh.cloudfront.net/600x400/blog/03c520c18fc24a54bec7ef9ca1e72ea3.jpg
Quick Weekly Round Up on Latest News [18th July’ 22 – 23rd July’ 22,https://blog.finology.in/Legal-news/weekly-latest-news-18th-23rd-july-2022,https://d3po6s2ufk88fh.cloudfront.net/600x400/blog/50100ec80f264e828e54668ab8691ce4.jpg
Triple Talaq: Comparison with other practiced modes of Talaq,https://blog.finology.in/Legal-news/triple-talaq,https://d3po6s2ufk88fh.cloudfront.net/600x400/blog/b84b707a684e4dfca27fb43402a0be8e.jpg
Droupadi Murmu: First Tribal President of India,https://blog.finology.in/Legal-news/droupadi-murmu-first-tribal-president-of-india,https://d3po6s2ufk88fh.cloudfront.net/600x400/blog/e03915d1ad624b9894edc0359ac2e3cf.jpg
Salary of the President of India: Comparison with other countries,https://blog.finology.in/Legal-news/salary-of-president-of-india,https://d3po6s2ufk88fh.cloudfront.net/600x400/blog/22c5f52d27d043afaf376a1097e8462c.jpg
Why the Rupee is falling: Will it fall further against the Dollar?,https://blog.finology.in/Legal-news/why-rupee-is-falling,https://d3po6s2ufk88fh.cloudfront.net/600x400/blog/a958576903724165877f363cd85aeb74.jpg
What is Extradition in International Law?,https://blog.finology.in/Legal-news/extradition-in-international-law,https://d3po6s2ufk88fh.cloudfront.net/600x400/blog/a04a4ca72be34b878cbb87cf8a7dde6b.JPG
Child Adoption in India- Laws & Procedure,https://blog.finology.in/Legal-news/child-adoption-india,https://d3po6s2ufk88fh.cloudfront.net/600x400/blog/9f12819421894df88118c813423384d5.jpg
Marital Rape Laws in India,https://blog.finology.in/Legal-news/marital-rape-laws-india,https://d3po6s2ufk88fh.cloudfront.net/600x400/blog/ce2ba9917c284b91b5a85e85c6bbb53c.JPG
Can Government Employees Trade in the Stock Market?,https://blog.finology.in/Legal-news/government-employees-trade-in-stock-market,https://d3po6s2ufk88fh.cloudfront.net/600x400/blog/42ed09513f4b45d39efd9675f20ecb07.jpg
Important Cases of 2021- Part 2,https://blog.finology.in/Legal-news/important-cases-of-2021-part2,https://d3po6s2ufk88fh.cloudfront.net/600x400/blog/b31b9daafa604d40b441ee67ee1483ac.jpeg
Vodafone Tax Dispute Case,https://blog.finology.in/Legal-news/vodafone-tax-case,https://d3po6s2ufk88fh.cloudfront.net/600x400/blog/1712061e21d142ddb2d398d9763031a2.jpeg
How to read a case citation?,https://blog.finology.in/Legal-news/case-citation,https://d3po6s2ufk88fh.cloudfront.net/600x400/blog/a9997690610140a0ba0c0989c81bbed9.jpg
How to become an Advocate in India?,https://blog.finology.in/Legal-news/how-to-become-advocate-in-india,https://d3po6s2ufk88fh.cloudfront.net/600x400/blog/64a9dd0d0cfd4e7bb6ea71841d4e2500.jpeg
"How Judgment, Decree and Order are Different?",https://blog.finology.in/Legal-news/judgment-decree-order-difference,https://d3po6s2ufk88fh.cloudfront.net/600x400/blog/164eb0b463a342c9bae8d3714d8ca3b0.jpeg
"Stages of the Civil Suit as per the Civil Procedure Code, 1908",https://blog.finology.in/Legal-news/stages-of-civil-suit,https://d3po6s2ufk88fh.cloudfront.net/600x400/blog/246fc17120114977888fae1f533ea0ea.jpeg
What are the different Marriage Laws in India?,https://blog.finology.in/Legal-news/marriage-laws-in-india,https://d3po6s2ufk88fh.cloudfront.net/600x400/blog/c84fb135531d411290c5c2507684287a.jpeg
Important Cases of 2021- Part 1,https://blog.finology.in/Legal-news/10-important-cases-2021,https://d3po6s2ufk88fh.cloudfront.net/600x400/blog/6e6f25ed09734dd9ac29a76d11e8cbd4.jpeg
Attorney-Client Privilege in India,https://blog.finology.in/Legal-news/attorney-client-privilege-india,https://d3po6s2ufk88fh.cloudfront.net/600x400/blog/8bb0f8701020459b83dfe090b3b6cdd7.jpeg
"What is Model Tenancy Act, 2020?",https://blog.finology.in/Legal-news/model-tenancy-act-2020,https://d3po6s2ufk88fh.cloudfront.net/600x400/blog/ac9ffbf1ecc045d0bbfb3634efe0abab.jpg
Social Media Sites vs Government of India,https://blog.finology.in/Legal-news/social-media-sites-vs-government-india,https://d3po6s2ufk88fh.cloudfront.net/600x400/blog/993b5c6728ab45b88b5489c60546db87.jpg
What is the Interpretation of Live-in Relationship in India?,https://blog.finology.in/Legal-news/live-in-relationship,https://d3po6s2ufk88fh.cloudfront.net/600x400/blog/37d061c3e5a0482a821dd6255e91461d.jpeg
Artificial Intelligence and Intellectual Property Rights,https://blog.finology.in/Legal-news/artificial-intelligence-intellectual-property-rights,https://d3po6s2ufk88fh.cloudfront.net/600x400/blog/b81a22aea08445e0b92a68ffd3280909.jpg
Future of Cryptocurrencies after Supreme Court,https://blog.finology.in/Legal-news/future-of-cryptocurrencies-after-supreme-court,https://d3po6s2ufk88fh.cloudfront.net/600x400/blog/6c8aab5b34a7489ebe5b040a7afae28b.jpg
"Difference between Act, Bill, Ordinances, Rules & Regulations",https://blog.finology.in/Legal-news/difference-between-act-bill-ordinance-rules-regulations,https://d3po6s2ufk88fh.cloudfront.net/600x400/blog/f1587b261a2d453b9d1002be22a29bc2.jpg
Nani Palkhivala: The Legendary Lawyer,https://blog.finology.in/Legal-news/nani-palkhivala-lawyer,https://d3po6s2ufk88fh.cloudfront.net/600x400/blog/0b913872b0e54f3c99bb4659e204a5c0.jpg
Patents Right in Covid-19 Drugs,https://blog.finology.in/Legal-news/patent-right-in-covid-drugs,https://d3po6s2ufk88fh.cloudfront.net/600x400/blog/ae7e8269f64342d3a0813a3df1197ea5.jpg
Kashmir Issue: Abrogation of Article 370 and Article 35A,https://blog.finology.in/Legal-news/kashmir-issue-abrogation-article-370-35a,https://d3po6s2ufk88fh.cloudfront.net/600x400/blog/3a2e41a6f4c94139b5647bdc1eb749b2.jpeg
India’s National Security Laws,https://blog.finology.in/Legal-news/indian-national-security-act,https://d3po6s2ufk88fh.cloudfront.net/600x400/blog/9c685abe081e4957a2053daa21cf0d28.jpeg
National Education Policy 2020 ,https://blog.finology.in/Legal-news/national-education-policy-2020,https://d3po6s2ufk88fh.cloudfront.net/600x400/blog/e2f04af3bd8d4e55aa1a671405f62875.jpg
What are the 10 Labour Laws that every employee must know?,https://blog.finology.in/Legal-news/labour-laws-that-every-employee-must-know,https://d3po6s2ufk88fh.cloudfront.net/600x400/blog/9b0c54b2c0a1498d818fe6816ad624ac.jpg
The Bhima Koregaon Case,https://blog.finology.in/Legal-news/bhima-koregaon-case,https://d3po6s2ufk88fh.cloudfront.net/600x400/blog/1adce7868af649c4ba938bb4712b616c.jpg
UAPA and The Sharjeel Imam Case,https://blog.finology.in/Legal-news/sharjeel-imam-case-anti-caa-riots,https://d3po6s2ufk88fh.cloudfront.net/600x400/blog/71432858f0cd4dfcbe85ece1f10e1b3c.jpg
Rights in Police Custody in the light of Recent Police Brutality Cases,https://blog.finology.in/Legal-news/police-brutality-in-india,https://d3po6s2ufk88fh.cloudfront.net/600x400/blog/1a5bf0cbd55d42638eae59c89252c6db.jpg
Revised India’s Foreign Policy to curb Chinese takeovers,https://blog.finology.in/Legal-news/indias-foreign-policy,https://d3po6s2ufk88fh.cloudfront.net/600x400/blog/ab335cafe26c4640b9d42d26224be06b.jpg
India,https://blog.finology.in/Legal-news/labour-laws-in-india,https://d3po6s2ufk88fh.cloudfront.net/600x400/blog/cf57f885608f475099f293260e2b5765.jpg
Force Majeure Clause:Understanding the Importance of this Clause,https://blog.finology.in/Legal-news/force-majeure-contract,https://d3po6s2ufk88fh.cloudfront.net/600x400/blog/e00a577423f541b789821d6253d9e4c9.jpg
Fundamental Duties,https://blog.finology.in/Legal-news/emergency-amendment-constitution,https://d3po6s2ufk88fh.cloudfront.net/600x400/blog/6fd3bb36454543ee847b6447d46c2ea4.jpg
Check the Trademark Class for your Business,https://blog.finology.in/Legal-news/list-of-various-trademark-classes,https://d3po6s2ufk88fh.cloudfront.net/600x400/blog/7ecbf64a484b45ea9b411d333223654d.png
5 Important Compliances for your Startup,https://blog.finology.in/Legal-news/startup-compliance,https://d3po6s2ufk88fh.cloudfront.net/600x400/blog/e93422863e464cc5a6a72a3ebe7515ba.jpg
A guide to Corporate Insolvency Procedure,https://blog.finology.in/Legal-news/Corporate-insolvency-procedure,https://d3po6s2ufk88fh.cloudfront.net/600x400/blog/097aca753ee24030b489184a0f7b200b.jpg
Concept of Corporate Personality,https://blog.finology.in/Legal-news/What-is-a-Concept-of-Corporate-Personality,https://d3po6s2ufk88fh.cloudfront.net/600x400/blog/378c55f770fd4279a455d4801a2b1c5f.jpg
8 things you must be aware of if you are a startup,https://blog.finology.in/Legal-news/What-8-things-startup-must-be-aware-of,https://d3po6s2ufk88fh.cloudfront.net/600x400/blog/f2826a9d98854a9eb3228b7b8189b796.jpg
September 2019 Current Affairs,https://blog.finology.in/Legal-news/current-affairs-september-2019,https://d3po6s2ufk88fh.cloudfront.net/600x400/blog/50bd80cce1714b82aa1674473c4f72ce.jpg
Sources of the Indian Constitution,https://blog.finology.in/Legal-news/Sources-of-the-Indian-Constitution,https://d3po6s2ufk88fh.cloudfront.net/600x400/blog/b44e9f9240d541d1a84dd93b2debf037.jpg
International Trademark Registration,https://blog.finology.in/Legal-news/How-to-do-Registration-of-Foreign-Trademarks,https://d3po6s2ufk88fh.cloudfront.net/600x400/blog/47bd762b42044bd48606332b3d37fdec.jpg
Changes in the Motor Vehicles Act,https://blog.finology.in/Legal-news/Hefty-Challans-for-Defaulters,https://d3po6s2ufk88fh.cloudfront.net/600x400/blog/c6a3fb1500304ec5a3840334219ac164.jpg
All about Series of Marks,https://blog.finology.in/Legal-news/What-is-Commercial-Importance-of-Series-Marks,https://d3po6s2ufk88fh.cloudfront.net/600x400/blog/147313e863b146cc92079e6ae27fbc5e.jpg
Importance of Certification Mark ,https://blog.finology.in/Legal-news/Everything-about-Certification-Mark,https://d3po6s2ufk88fh.cloudfront.net/600x400/blog/21aed148abd94e979f02a25410df3112.jpg
"An Overview of the Consumer Protection Act ,1986",https://blog.finology.in/Legal-news/Overview-of-Consumer-Protection-Act-1986,https://d3po6s2ufk88fh.cloudfront.net/600x400/blog/6d30096c82464525879fa973cf09b247.jpg
"What is The Motor Vehicles Act, 1988?",https://blog.finology.in/Legal-news/The-Motor-Vehicles-Act-1988,https://d3po6s2ufk88fh.cloudfront.net/600x400/blog/148f2bdf93c84d75ae9a0af1aa23d2e4.jpg
Collective Marks and their Advantages,https://blog.finology.in/Legal-news/collective-marks-and-their-advantages,https://d3po6s2ufk88fh.cloudfront.net/600x400/blog/cbe5ebcf0ded49228cf1ceee2c96452c.jpg
 How to Amend a trademark application,https://blog.finology.in/Legal-news/how-to-amend-trademark-application,https://d3po6s2ufk88fh.cloudfront.net/600x400/blog/347a9640d49a4b3d9754bd454b5a5bc6.jpg
What are different IPR Legislations and their implementation tools?,https://blog.finology.in/Legal-news/Different-IPR-Legislations-and-their-implements,https://d3po6s2ufk88fh.cloudfront.net/600x400/blog/891a8e873fba4976ba9b81338411cea7.jpg
Ayodhya Verdict: Analysis of Ram Mandir-Babri Masjid case,https://blog.finology.in/Legal-news/Analysis-of-the-Ayodhya-Case,https://d3po6s2ufk88fh.cloudfront.net/600x400/blog/53543381db244d2e816cd93e388170d4.jpg
Upcoming Challenges in IPR and the Way Forward,https://blog.finology.in/Legal-news/Upcoming-Challenges-in-IPR,https://d3po6s2ufk88fh.cloudfront.net/600x400/blog/1da503f57b5b4ea99f109424d62c306f.jpg
One Nation One Election,https://blog.finology.in/Legal-news/One-Nation-One-Election,https://d3po6s2ufk88fh.cloudfront.net/600x400/blog/ccd33bc141dc48d6a40d08558eb11acc.png
What are the principles on which WTO Functions?,https://blog.finology.in/Legal-news/Principles-of-WTO,https://d3po6s2ufk88fh.cloudfront.net/600x400/blog/dd8d9f0128a141e0a78f8c89013d00ce.jpg
9 Best Practices on Contract Vetting,https://blog.finology.in/Legal-news/Practices-on-contract-vetting,https://d3po6s2ufk88fh.cloudfront.net/600x400/blog/e6280d6e708746298bc7b1b46438ee86.jpg
Benefits of Startup Registration,https://blog.finology.in/Legal-news/Benefits-of-startup-registration,https://d3po6s2ufk88fh.cloudfront.net/600x400/blog/0620d29eedb0407c821eacab45f8a2d4.jpg
Intricacies of the Employee Contract,https://blog.finology.in/Legal-news/employee-contract,https://d3po6s2ufk88fh.cloudfront.net/600x400/blog/c5f43a35886a4c0890e09b9268b0cc39.jpg
Article 370 and 35A revoked,https://blog.finology.in/Legal-news/Article-370-and-35A-revoked,https://d3po6s2ufk88fh.cloudfront.net/600x400/blog/4d800a44c04e4411aa52bd63fcb12059.png
Patent Registration Under Patent Cooperation Treaty,https://blog.finology.in/Legal-news/Patent-Registration-Under-Patent-Cooperation-Treaty,https://d3po6s2ufk88fh.cloudfront.net/600x400/blog/0146de6811a047a588d332a53caeffaa.jpg
Ways to Commercialize IPR,https://blog.finology.in/Legal-news/Ways-to-Commercialize-IPR,https://d3po6s2ufk88fh.cloudfront.net/600x400/blog/418b3bc00a624f149782cf0ab24f54d1.jpg
Liquidation of Company ,https://blog.finology.in/Legal-news/Liquidation-of-Company,https://d3po6s2ufk88fh.cloudfront.net/600x400/blog/7cd67b78ab684da6aa38787cd62f1f3a.jpg
Letter of Undertaking: How does it Work?,https://blog.finology.in/Legal-news/Letter-of-undertaking,https://d3po6s2ufk88fh.cloudfront.net/600x400/blog/680e30f7cd7a4589ab9b141b6bab318a.jpg
Registration of a Public Limited Company| Explained,https://blog.finology.in/Legal-news/Registration-of-a-Public-Limited-Company-Explained,https://d3po6s2ufk88fh.cloudfront.net/600x400/blog/40d5f68173324babba88133e8d4ebae0.jpg
Adverse Effect under Competition Law,https://blog.finology.in/Legal-news/Adverse-Effect-under-Competition-Law,https://d3po6s2ufk88fh.cloudfront.net/600x400/blog/32c27a52c49c4fd288cf3943c35450b7.jpg
Alternative Dispute Resolution,https://blog.finology.in/Legal-news/Alternative-Dispute-Resolution,https://d3po6s2ufk88fh.cloudfront.net/600x400/blog/55c21940d60e4f7e9734f689d3c22a56.jpg
Memorandum of Understanding| Explained ,https://blog.finology.in/Legal-news/Memorandum-of-Understanding,https://d3po6s2ufk88fh.cloudfront.net/600x400/blog/10c24d47596143b995b80a5cf3c5222e.jpg
Civil and Criminal Remedies in Cheque Bounces,https://blog.finology.in/Legal-news/Civil-and-Criminal-Remedies-available-in-Cheque-Bounce-Cases,https://d3po6s2ufk88fh.cloudfront.net/600x400/blog/481f52bef8c24fcfb11b65eb50372193.jpg
All About Anti-Competitive Practices under Indian Competition Law,https://blog.finology.in/Legal-news/Anti-Competitive-Practices-under-Indian-Competition-Law,https://d3po6s2ufk88fh.cloudfront.net/600x400/blog/b496c92e37f64345935d8bef997cfc6a.jpg
Website Privacy Policy ,https://blog.finology.in/Legal-news/how-to-make-website-privacy-policy,https://d3po6s2ufk88fh.cloudfront.net/600x400/blog/ac7b244b021e492c96a3ede3cd013478.jpg
Annual Mandatory Compliance for PLCs,https://blog.finology.in/Legal-news/Annual-Mandatory-Compliance-for-Private-Limited-Companies,https://d3po6s2ufk88fh.cloudfront.net/600x400/blog/ee01c1acc9c6410099c1bc2f8179d3b9.jpg
Freelancing,https://blog.finology.in/Legal-news/Freelancing,https://d3po6s2ufk88fh.cloudfront.net/600x400/blog/14cbdd900b3643178520a7da373c4d3e.jpg
Essentials of Valid Contract,https://blog.finology.in/Legal-news/Essentials-of-Valid-Contract,https://d3po6s2ufk88fh.cloudfront.net/600x400/blog/e8fcc38f3ddf44fd9a1aa96ea09e498a.jpg
All About Address Proof Affidavit,https://blog.finology.in/Legal-news/Address-Proof-Affidavit,https://d3po6s2ufk88fh.cloudfront.net/600x400/blog/cdefbcfa85a6440a9b7b72e244ccc2fb.jpg
Reply to a Trademark Objection,https://blog.finology.in/Legal-news/Reply-to-a-Trademark-Objection,https://d3po6s2ufk88fh.cloudfront.net/600x400/blog/952e99a25fb6415d9b263d363525035e.jpg
Reply to a Copyright Objection,https://blog.finology.in/Legal-news/Reply-to-a-Copyright-Objection,https://d3po6s2ufk88fh.cloudfront.net/600x400/blog/04d5dc9594274faca35ab29d00e709bc.jpg
Copyright Objection,https://blog.finology.in/Legal-news/Copyright-Objection,https://d3po6s2ufk88fh.cloudfront.net/600x400/blog/8e79a415df74464ebf310e2f5d49db26.jpg
Sale of Patent Rights,https://blog.finology.in/Legal-news/Sale-of-Patent-Rights,https://d3po6s2ufk88fh.cloudfront.net/600x400/blog/403b4bb1a26949e5bf648592d775f889.jpg
Trademark Assignment,https://blog.finology.in/Legal-news/What-is-trademark-Assignment-and-act,https://d3po6s2ufk88fh.cloudfront.net/600x400/blog/c2ea5a53b63949d384d754ca8f379731.jpg
Significant details of RERA,https://blog.finology.in/Legal-news/Implementation-and-Scope-of-RERA,https://d3po6s2ufk88fh.cloudfront.net/600x400/blog/6cb9afa3a8984f909980fcd50dff1a43.jpg
Rights and Liabilities of Landlords,https://blog.finology.in/Legal-news/Rights-and-Liabilities-of-Landlords,https://d3po6s2ufk88fh.cloudfront.net/600x400/blog/6c7378f2a7514cb6bcf88d5795689991.jpg
Rights and Duties of Tenants,https://blog.finology.in/Legal-news/Rights-and-Duties-of-Tenants,https://d3po6s2ufk88fh.cloudfront.net/600x400/blog/d84cd447d02f4ade87eab86097d82f8a.jpg
Types of Contract,https://blog.finology.in/Legal-news/Types-of-Contract,https://d3po6s2ufk88fh.cloudfront.net/600x400/blog/ecd303ac2cdc4be68735c67e76c3ec19.jpg
Refund Policy for E-Commerce Websites,https://blog.finology.in/Legal-news/Refund-Policy-for-E-Commerce-Websites,https://d3po6s2ufk88fh.cloudfront.net/600x400/blog/2e5de6b3344944ecb4231d6b632030a3.jpg
Gift Deeds | Explained,https://blog.finology.in/Legal-news/Deeds-Explained,https://d3po6s2ufk88fh.cloudfront.net/600x400/blog/578fa8e1c4e54c92aa2a75a5aabe0b56.jpg
GDPR against Rising Threats of Data Piracy,https://blog.finology.in/Legal-news/GDPR-against-Rising-Threats-of-Data-Piracy,https://d3po6s2ufk88fh.cloudfront.net/600x400/blog/37d25110c1754c66b061bd931378ef43.jpg
Annual Mandatory Compliance for Start-ups in India,https://blog.finology.in/Legal-news/Annual-Mandatory-Compliance-for-Start-ups-in-India,https://d3po6s2ufk88fh.cloudfront.net/600x400/blog/c4be930f1eee486a9b4670f057eb8d25.jpg
NBFCs - Registration and Compliance,https://blog.finology.in/Legal-news/Non-Banking-Financial-Companies,https://d3po6s2ufk88fh.cloudfront.net/600x400/blog/fd97315787ab43e0bae3e229a2a843b2.jpg
Law relating to Cheque Bounce in India,https://blog.finology.in/Legal-news/Law-relating-to-Cheque-Bounce-in-India,https://d3po6s2ufk88fh.cloudfront.net/600x400/blog/0612eba6c95c4ead928098116006d77b.jpg
Website Development Agreement,https://blog.finology.in/Legal-news/Website-Development-Agreement,https://d3po6s2ufk88fh.cloudfront.net/600x400/blog/00742505c6224114bd18950cee0efe73.jpg
Consultancy Agreement,https://blog.finology.in/Legal-news/Consultancy-Agreement,https://d3po6s2ufk88fh.cloudfront.net/600x400/blog/50ea2790e6f84ee2aec53f56f496a684.jpg
What is an Abridged Prospectus?,https://blog.finology.in/Legal-news/What-is-an-Abridged-Prospectus,https://d3po6s2ufk88fh.cloudfront.net/600x400/blog/93bc84232c154aa4aba27a641f5decc2.jpg
Sale of Business Agreement,https://blog.finology.in/Legal-news/Sale-of-Business-Agreement,https://d3po6s2ufk88fh.cloudfront.net/600x400/blog/4dbbab998c7b4051b39264a83a79b6e0.jpg
Freelance Agreement: Important Clauses,https://blog.finology.in/Legal-news/Freelance-Agreement-Introduction-and-Important-Clauses,https://d3po6s2ufk88fh.cloudfront.net/600x400/blog/6399243a1895460fbe2dbe4b7ea038d7.jpg
Work Space Sharing Agreement,https://blog.finology.in/Legal-news/Work-Space-Sharing-Agreement,https://d3po6s2ufk88fh.cloudfront.net/600x400/blog/dd34e37a37824e9480077018063ebb58.jpg
Procedure to Change Name ,https://blog.finology.in/Legal-news/Procedure-to-Change-Name,https://d3po6s2ufk88fh.cloudfront.net/600x400/blog/cf52a3e7315143ecb0047fa246afcb04.jpg
Name Change Affidavit Essentials,https://blog.finology.in/Legal-news/Name-Change-Affidavit,https://d3po6s2ufk88fh.cloudfront.net/600x400/blog/a28b65c829594620af74dd1a5f53c2b1.jpg
Franchise Agreement,https://blog.finology.in/Legal-news/Franchise-Agreement,https://d3po6s2ufk88fh.cloudfront.net/600x400/blog/a1f0d51795b74f35b604bf2dcc3e4755.jpg
All about Assigning Copyrights,https://blog.finology.in/Legal-news/Copyright-Assignment-Modes-and-Termination,https://d3po6s2ufk88fh.cloudfront.net/600x400/blog/e63864423eb549ba989b8e1b10581afe.jpg
Joint Venture Agreement,https://blog.finology.in/Legal-news/Joint-Venture-Agreement,https://d3po6s2ufk88fh.cloudfront.net/600x400/blog/c66dd1d4773244fe856c6903ae05279c.jpg
What is the Role of CSR Committee?,https://blog.finology.in/Legal-news/Role-of-CSR-Committee,https://d3po6s2ufk88fh.cloudfront.net/600x400/blog/0b062b16a5174c5bb5112b30bf466ceb.jpg
What is Shareholder’s agreement?,https://blog.finology.in/Legal-news/Shareholders-Agreement,https://d3po6s2ufk88fh.cloudfront.net/600x400/blog/bb1cc30affe148f18b6d1c8517af5349.jpg
How to Register Your Home Address as Company,https://blog.finology.in/Legal-news/How-to-Register-Your-Home-Address-as-Companys-Registered-Office,https://d3po6s2ufk88fh.cloudfront.net/600x400/blog/da33351a20c8413eb48aee60b7f2259a.jpg
Employee Non-Disclosure Non-Compete Agreement,https://blog.finology.in/Legal-news/Features-of-Employee-Non-Disclosure-Non-Compete-Agreement,https://d3po6s2ufk88fh.cloudfront.net/600x400/blog/a70ca0c3e0ae4fb093d7176c3fc53696.jpg
CSR Obligations upon Indian Companies,https://blog.finology.in/Legal-news/CSR-Obligations-upon-Companies-in-India,https://d3po6s2ufk88fh.cloudfront.net/600x400/blog/7b4d65d4d3584b4a9d5535caab5beb24.jpg
Basics of Assigning Copyright,https://blog.finology.in/Legal-news/Basics-of-Copyright-Assignment,https://d3po6s2ufk88fh.cloudfront.net/600x400/blog/fc18ebfc11bd43e08f09a5876334a669.jpg
Affidavit for Gap in Education,https://blog.finology.in/Legal-news/Affidavit-for-Gap-in-Education,https://d3po6s2ufk88fh.cloudfront.net/600x400/blog/46eb9bebae034ef98b9b652b64e763c7.jpg
Employee Non-Disclosure Non-Compete Agreement,https://blog.finology.in/Legal-news/Advantages-of-Employee-Non-Disclosure-Non-Compete-Agreement,https://d3po6s2ufk88fh.cloudfront.net/600x400/blog/f3bd8e5ef650412b933ecdd9f0eeca30.jpg
What are the requirements for Trademark Renewal?,https://blog.finology.in/Legal-news/What-are-the-requirements-for-Trademark-Renewal,https://d3po6s2ufk88fh.cloudfront.net/600x400/blog/3f742b2101ed43a3867d0fbe853c16fe.jpg
Everything in brief about Website Privacy Policy,https://blog.finology.in/Legal-news/Website-Privacy-Policy,https://d3po6s2ufk88fh.cloudfront.net/600x400/blog/a3ac573a2b9a400db2f4a850297851b5.jpg
What are the various types of Buyer Broker Agreement?,https://blog.finology.in/Legal-news/Buyer-Broker-Agreement,https://d3po6s2ufk88fh.cloudfront.net/600x400/blog/556c2447d1cd49f897744b30af07367a.jpg
All about Leave and License Agreements,https://blog.finology.in/Legal-news/All-about-Leave-and-License-Agreements,https://d3po6s2ufk88fh.cloudfront.net/600x400/blog/5d443489cae94c5f8eaeb919ffbc4f8f.jpg
Importance of Non-Disclosure Agreements,https://blog.finology.in/Legal-news/Non-Disclosure-Agreements,https://d3po6s2ufk88fh.cloudfront.net/600x400/blog/da257677c15447c2bd74a5504414d5f2.jpg
All about Author Publisher Agreement,https://blog.finology.in/Legal-news/Author-Publisher-Agreement,https://d3po6s2ufk88fh.cloudfront.net/600x400/blog/1d8aec74c7484c9ba539540cd4dd5b39.jpg
What are Franchise Agreements?,https://blog.finology.in/Legal-news/Franchise-Agreements,https://d3po6s2ufk88fh.cloudfront.net/600x400/blog/5371f72be4874d9b8d22e09060b589dc.jpg
Why is it important to register Copyrights?,https://blog.finology.in/Legal-news/Why-is-it-important-to-register-Copyrights,https://d3po6s2ufk88fh.cloudfront.net/600x400/blog/65ec180729a84d788caaa91f1477cffb.jpg
Difference between Rent and Lease Agreements,https://blog.finology.in/Legal-news/Difference-between-Rent-and-Lease-Agreements,https://d3po6s2ufk88fh.cloudfront.net/600x400/blog/07442b768eb549c4b6d4436439105b5a.jpg
Employment Agreement Contract ,https://blog.finology.in/Legal-news/Employment-Agreement,https://d3po6s2ufk88fh.cloudfront.net/600x400/blog/9b2c0700a03249a7981d82bbed686883.jpg
Trademark Licensing and its Essentials,https://blog.finology.in/Legal-news/Trademark-Licensing,https://d3po6s2ufk88fh.cloudfront.net/600x400/blog/b399967b3fe3459f9c6220af1cfc668a.jpg
Trademark Registration Process,https://blog.finology.in/Legal-news/Trademark-Registration-Process,https://d3po6s2ufk88fh.cloudfront.net/600x400/blog/982e79ae470443f081364e21fe4ac3e4.jpg
WILL: Its Importance and Essentials,https://blog.finology.in/Legal-news/WILL-its-Importance-and-Essentials,https://d3po6s2ufk88fh.cloudfront.net/600x400/blog/0b9fb1d4e2fb46a4af92ebacadb39a1f.jpg
what is Patent Assignment Deed and its Advantages,https://blog.finology.in/Legal-news/patent-assignment-deed,https://d3po6s2ufk88fh.cloudfront.net/600x400/blog/32253c5d7eb3455c83157cf6c5dc73f9.jpg
Essentials of Lease Agreement ,https://blog.finology.in/Legal-news/Essentials-of-Lease-Agreement,https://d3po6s2ufk88fh.cloudfront.net/600x400/blog/bedf38e780104e3499af42a979ee94fa.jpg
Importance of Non Disclosure Agreement,https://blog.finology.in/Legal-news/Importance-of-Non-Disclosure-Agreement,https://d3po6s2ufk88fh.cloudfront.net/600x400/blog/f197639c06d14e479e1ce5c52a73e4e3.jpg
Arbitration Agreements Explained,https://blog.finology.in/Legal-news/Arbitration-Agreements-Explained,https://d3po6s2ufk88fh.cloudfront.net/600x400/blog/7177b19727574990b008f4646267ebe6.jpg
Basics of Arbitration Agreement,https://blog.finology.in/Legal-news/Basics-of-Arbitration-Agreement,https://d3po6s2ufk88fh.cloudfront.net/600x400/blog/eef51e15f8264cf3970036780ddca738.jpg
What is Trademark Licensing? ,https://blog.finology.in/Legal-news/what-is-a-trademark-licensing,https://d3po6s2ufk88fh.cloudfront.net/600x400/blog/a2c95f2b29424218b195d3c0b0fe56d8.jpg
