video_title,video_url,video_views,video_uploaded_on,scrapped_on
SAVE INDIANs üôè,https://www.youtube.com/shorts/ZxKvMtWIOIQ,245K views,1 day ago,2022-09-09 14:12:18.384721
Zara Dekh Kar! üöô,https://www.youtube.com/shorts/00V8U0gyVn0,373K views,1 day ago,2022-09-09 14:12:18.384721
Legalise GANJA? ‚òòÔ∏èWHAAT????,https://www.youtube.com/shorts/h0lLZk6p80c,750K views,3 days ago,2022-09-09 14:12:18.384721
Is this LAW Biased? üëÄ,https://www.youtube.com/shorts/z6EqHT1HsGo,401K views,6 days ago,2022-09-09 14:12:18.384721
NO More Circus in India? ü§°,https://www.youtube.com/shorts/oEseQGNVf5Q,735K views,7 days ago,2022-09-09 14:12:18.384721
Should you have a Credit Card or not?,https://www.youtube.com/shorts/4AupGLDSPXs,274K views,7 days ago,2022-09-09 14:12:18.384721
August 2022 | Monthly Current Affairs | Competitive Exams,https://www.youtube.com/watch?v=mYiuwoNYEJg,45K views,8 days ago,2022-09-09 14:12:18.384721
What‚Äôs happening in India? #ncrb2021,https://www.youtube.com/shorts/uyeImK5TTDo,521K views,9 days ago,2022-09-09 14:12:18.384721
Buying üè†? MUST Know this!!!,https://www.youtube.com/shorts/pGd7lM4QHuA,329K views,10 days ago,2022-09-09 14:12:18.384721
Why GOVT standing Against them! üßê,https://www.youtube.com/shorts/glmfj6j68WY,471K views,12 days ago,2022-09-09 14:12:18.384721
How India SMOKES üòØ,https://www.youtube.com/shorts/WFrmhDpC3jw,5.9M views,13 days ago,2022-09-09 14:12:18.384721
Will you call it a BRIBE?,https://www.youtube.com/shorts/ZalyTXO_RiE,408K views,2 weeks ago,2022-09-09 14:12:18.384721
Truth About Gujarat Policy! #bilkisbanocase,https://www.youtube.com/shorts/KvcJWeNmq1I,483K views,2 weeks ago,2022-09-09 14:12:18.384721
Who Released them?,https://www.youtube.com/shorts/AgYdJvM4G4k,699K views,2 weeks ago,2022-09-09 14:12:18.384721
Fatwa Explained!üí°,https://www.youtube.com/shorts/2bnOiJdAJpI,263K views,2 weeks ago,2022-09-09 14:12:18.384721
India @75 | How far has India come since Independence? Finology Legal,https://www.youtube.com/watch?v=qsAa-K4aLlU,51K views,3 weeks ago,2022-09-09 14:12:18.384721
4 Important skills every lawyer must have!,https://www.youtube.com/shorts/6McygHE1DL8,297K views,4 weeks ago,2022-09-09 14:12:18.384721
Is Taiwan part of China? China-Taiwan conflict Explained!,https://www.youtube.com/watch?v=NIR-2i2dvMc,46K views,1 month ago,2022-09-09 14:12:18.384721
Who are BRITISHERS? üá¨üáß,https://www.youtube.com/shorts/qUlvCUZUnOs,4.7M views,1 month ago,2022-09-09 14:12:18.384721
July 2022 | Monthly Current Affairs | Competitive Exams,https://www.youtube.com/watch?v=GWtjnsotX2E,85K views,1 month ago,2022-09-09 14:12:18.384721
Facts you didnt know about Presidents | Draupadi Murmu |Presidential Elections 2022,https://www.youtube.com/watch?v=CV1syXmbl-s,120K views,1 month ago,2022-09-09 14:12:18.384721
National Emblem Controversy Row | Why is it so Controversial? | Finology Legal,https://www.youtube.com/watch?v=Xu-KuOLqnd4,88K views,1 month ago,2022-09-09 14:12:18.384721
DON‚ÄôT use these Words! üö´,https://www.youtube.com/shorts/GBomr-r6C-c,1.2M views,1 month ago,2022-09-09 14:12:18.384721
Inflation in India | Types of Inflation Explained,https://www.youtube.com/watch?v=dGFZ7eoUkPg,100K views,1 month ago,2022-09-09 14:12:18.384721
Its an Emergency! üáÆüá≥üö®,https://www.youtube.com/shorts/rQgiGdRe2LM,1.2M views,1 month ago,2022-09-09 14:12:18.384721
Are Judges SLOW? üê¢,https://www.youtube.com/shorts/LTjzOEIQFmQ,1.3M views,2 months ago,2022-09-09 14:12:18.384721
June 2022 | Monthly Current Affairs | Competitive Exams,https://www.youtube.com/watch?v=uU8tzx9tREw,104K views,2 months ago,2022-09-09 14:12:18.384721
Cost of Allahabad  ‚û°Ô∏è Prayagraj! üöß,https://www.youtube.com/shorts/p2zhsTXW4KY,1M views,2 months ago,2022-09-09 14:12:18.384721
What is Defection?,https://www.youtube.com/shorts/i6-cbWNY0XA,2.4M views,2 months ago,2022-09-09 14:12:18.384721
Har Ghar Tiranga üáÆüá≥,https://www.youtube.com/shorts/Yf7sixegAuU,876K views,2 months ago,2022-09-09 14:12:18.384721
ABORTION Legal yaa Illegal? üá∫üá∏ v. üáÆüá≥,https://www.youtube.com/shorts/Ngm6EMoW6XQ,1.4M views,2 months ago,2022-09-09 14:12:18.384721
üáÆüá≥ India on Lease for 99 years?,https://www.youtube.com/shorts/0mhYadIV3hs,11M views,2 months ago,2022-09-09 14:12:18.384721
Student Loan Impact!,https://www.youtube.com/shorts/b91Llr0kxPI,474K views,2 months ago,2022-09-09 14:12:18.384721
Changes in AGNIPATH?,https://www.youtube.com/shorts/mcPfBKd4FMk,1M views,2 months ago,2022-09-09 14:12:18.384721
Ministers ki PENSION bandh??,https://www.youtube.com/shorts/t45ZJJHy3fU,2.4M views,2 months ago,2022-09-09 14:12:18.384721
Agnipath Scheme Explained | Why are Students protesting?,https://www.youtube.com/watch?v=PqrYIkmsGRQ,626K views,2 months ago,2022-09-09 14:12:18.384721
üî• AGNIPATH Scheme,https://www.youtube.com/shorts/LMc81HIqi7I,1.6M views,2 months ago,2022-09-09 14:12:18.384721
üí• Why No Right to Arms?,https://www.youtube.com/shorts/Qk7sD9sI0VY,339K views,2 months ago,2022-09-09 14:12:18.384721
How the depreciation in rupee impact you?,https://www.youtube.com/shorts/zD8s947oivk,208K views,3 months ago,2022-09-09 14:12:18.384721
May 2022 | Monthly Current Affairs | Competitive Exams,https://www.youtube.com/watch?v=YP1BarGGMX0,139K views,3 months ago,2022-09-09 14:12:18.384721
CHANDIGARH Kiska ‚ÅâÔ∏è,https://www.youtube.com/shorts/5zScralmzZo,1.2M views,3 months ago,2022-09-09 14:12:18.384721
Jaago Grahak Jaago! ‚õîÔ∏è,https://www.youtube.com/shorts/3o3VDGLbNTk,876K views,4 months ago,2022-09-09 14:12:18.384721
You don‚Äôt need a LAW degree??,https://www.youtube.com/shorts/rM_yWiAzQwY,1.4M views,4 months ago,2022-09-09 14:12:18.384721
April 2022 | Monthly Current Affairs | Competitive Exams,https://www.youtube.com/watch?v=mJAjLWFDOoI,116K views,4 months ago,2022-09-09 14:12:18.384721
National Language? üáÆüá≥,https://www.youtube.com/shorts/2LCvpDDLTak,2.1M views,4 months ago,2022-09-09 14:12:18.384721
A Special Marriage in India,https://www.youtube.com/shorts/WYH2_57m8hA,1.2M views,4 months ago,2022-09-09 14:12:18.384721
Power of Art. 20 #indianconstitution,https://www.youtube.com/shorts/xNJBk6fw7rA,8.9M views,4 months ago,2022-09-09 14:12:18.384721
#vimalelaichi - Will you do it?,https://www.youtube.com/shorts/WC-BVnmSUpI,2.1M views,4 months ago,2022-09-09 14:12:18.384721
Jhooth bolna Paap hai..??,https://www.youtube.com/shorts/D1uNUvgvWxw,497K views,4 months ago,2022-09-09 14:12:18.384721
Ban on Loudspeakers?,https://www.youtube.com/shorts/LjI2LGRyrKQ,1.9M views,4 months ago,2022-09-09 14:12:18.384721
How to bridge the Employability Gap? with @Sunstone Eduversity,https://www.youtube.com/shorts/WG3OdLsYYak,240K views,4 months ago,2022-09-09 14:12:18.384721
Can you pursue two degrees simultaneously?,https://www.youtube.com/shorts/enwdE8gok9A,1.4M views,4 months ago,2022-09-09 14:12:18.384721
Duty to Protect? #indianconstitution,https://www.youtube.com/shorts/vScoiIN5cg8,897K views,4 months ago,2022-09-09 14:12:18.384721
Story of LLB ü§Ø,https://www.youtube.com/shorts/SDvBL7jrXR0,1.8M views,4 months ago,2022-09-09 14:12:18.384721
Power of #PIL,https://www.youtube.com/shorts/WF04PwoZsL8,401K views,4 months ago,2022-09-09 14:12:18.384721
üáÆüá≥ v. üáµüá∞ Who‚Äôs Better?,https://www.youtube.com/shorts/iCx_rUDeCPI,1.4M views,4 months ago,2022-09-09 14:12:18.384721
Sachin Tendulkar is an Actor?,https://www.youtube.com/shorts/dcNY5pSZ2LI,442K views,5 months ago,2022-09-09 14:12:18.384721
Election makes everything Free!,https://www.youtube.com/shorts/NGR9OLvMeqo,1M views,5 months ago,2022-09-09 14:12:18.384721
March 2022 | Monthly Current Affairs | Competitive Exams,https://www.youtube.com/watch?v=ul2eRvUikz4,119K views,5 months ago,2022-09-09 14:12:18.384721
Is Cricket Charity in India?,https://www.youtube.com/shorts/qB2--DEpEqI,497K views,5 months ago,2022-09-09 14:12:18.384721
Petrol Prices: Explained,https://www.youtube.com/shorts/LfWh3ayQ4Vw,1.5M views,5 months ago,2022-09-09 14:12:18.384721
What‚Äôs the Plan?ü§î,https://www.youtube.com/shorts/th1Zg-fa5FY,2.7M views,5 months ago,2022-09-09 14:12:18.384721
How Students can Earn and Invest?,https://www.youtube.com/watch?v=b6e75KPdZsk,288K views,5 months ago,2022-09-09 14:12:18.384721
Most Important Current Affairs for Law Entrance Exams 2022 | CLAT | AILET | DU LLB,https://www.youtube.com/watch?v=M3O6bW8dDFE,69K views,5 months ago,2022-09-09 14:12:18.384721
Adoption Laws: Needs a change?,https://www.youtube.com/shorts/Phuz_P64uPg,6.6M views,5 months ago,2022-09-09 14:12:18.384721
Learn from Sri Lanka üá±üá∞,https://www.youtube.com/shorts/kVDAZrs9xXA,1M views,5 months ago,2022-09-09 14:12:18.384721
4.5 crore cases are pending in India! But why?,https://www.youtube.com/shorts/XqFHSEnOq0E,663K views,5 months ago,2022-09-09 14:12:18.384721
February 2022 | Monthly Current Affairs| Current Affairs 2022,https://www.youtube.com/watch?v=MQHRdXqQB6M,133K views,6 months ago,2022-09-09 14:12:18.384721
Ukraine Russia Crisis | Russia Ukraine conflict explained,https://www.youtube.com/watch?v=ZhSMv-AB-jg,98K views,6 months ago,2022-09-09 14:12:18.384721
Most Expensive and Famous Lawyer in üáÆüá≥,https://www.youtube.com/shorts/j2VceMH--jg,1.7M views,6 months ago,2022-09-09 14:12:18.384721
Its NOT Hockey! üò±üò±üò±,https://www.youtube.com/shorts/s4r7eHn4Oyg,2.4M views,6 months ago,2022-09-09 14:12:18.384721
Why only BANGLADESH?,https://www.youtube.com/shorts/FKRiAoTbZrs,1.9M views,6 months ago,2022-09-09 14:12:18.384721
India and PDA!,https://www.youtube.com/shorts/XeFbBxGtOiI,4.9M views,6 months ago,2022-09-09 14:12:18.384721
This changed my Life!,https://www.youtube.com/shorts/RWWN9dO5SUk,312K views,6 months ago,2022-09-09 14:12:18.384721
Trick to Remember Full Fundamental Rights | Indian Constitution,https://www.youtube.com/watch?v=7jG6G-kIzD4,408K views,6 months ago,2022-09-09 14:12:18.384721
Tricks for Indian Constitution,https://www.youtube.com/shorts/X1GHVfc7vyA,1.8M views,6 months ago,2022-09-09 14:12:18.384721
Power of a Common Man!,https://www.youtube.com/shorts/SnXnaxnNFng,128K views,7 months ago,2022-09-09 14:12:18.384721
January 2022 | Monthly Current Affairs| Current Affairs 2022,https://www.youtube.com/watch?v=h4h79aOf1K0,153K views,7 months ago,2022-09-09 14:12:18.384721
Highest Paying Jobs in India 2022,https://www.youtube.com/watch?v=TJ0uzzOw46c,634K views,7 months ago,2022-09-09 14:12:18.384721
Did you Know this?#SatanicVerses # blasphemy,https://www.youtube.com/shorts/CrwiBEB0K4g,846K views,7 months ago,2022-09-09 14:12:18.384721
üòØüòØüòØ,https://www.youtube.com/shorts/n1JJMhFeFMc,526K views,7 months ago,2022-09-09 14:12:18.384721
Reason behind Republic Day!,https://www.youtube.com/shorts/C1QC92mU-9Y,127K views,7 months ago,2022-09-09 14:12:18.384721
Part 2 of Arguments For Criminalising #MaritalRape in India!,https://www.youtube.com/shorts/rZcQgOtOcJY,213K views,7 months ago,2022-09-09 14:12:18.384721
Part 1 of Arguments Against Criminalising #MaritalRape in India!,https://www.youtube.com/shorts/xzKAtT6ua60,34K views,7 months ago,2022-09-09 14:12:18.384721
BASICS of BANKING | For Competitive Exams 2022,https://www.youtube.com/watch?v=NGWesJRKw6Y,27K views,7 months ago,2022-09-09 14:12:18.384721
Do daughters have right to inherit father's self acquired property? | Important Judgment,https://www.youtube.com/watch?v=eub1KbmRz6I,328K views,7 months ago,2022-09-09 14:12:18.384721
Is it Compulsory to Pay Service Charge at Restaurants? #shorts,https://www.youtube.com/shorts/AmK78oh-siw,1M views,7 months ago,2022-09-09 14:12:18.384721
UOI v. KA Najeeb | Important Cases of 2021,https://www.youtube.com/watch?v=HIc-m9Jylwo,81K views,7 months ago,2022-09-09 14:12:18.384721
Why legal drinking age is different in all states? #shorts,https://www.youtube.com/shorts/ukBCklSVhlA,1.1M views,7 months ago,2022-09-09 14:12:18.384721
Skin- to- skin Contact Judgment| Sexual Assault Cases 2021| Important Judgments of 2021,https://www.youtube.com/watch?v=CpQIIlDJuE0,83K views,7 months ago,2022-09-09 14:12:18.384721
Right to be Forgotten | Important Judgments of 2021 | CLAT | Law Exams,https://www.youtube.com/watch?v=s0BHzbPo45g,83K views,7 months ago,2022-09-09 14:12:18.384721
GK Series on Computer Knowledge | Competitive Exams 2022,https://www.youtube.com/watch?v=IVdrYhkHINE,26K views,7 months ago,2022-09-09 14:12:18.384721
December 2021 Monthly Current Affairs | December 2021 | Current Affairs 2021,https://www.youtube.com/watch?v=94mZSjK-RcQ,82K views,8 months ago,2022-09-09 14:12:18.384721
Complete Current Affairs Part 2 | Top 100 News | Competitive Exams,https://www.youtube.com/watch?v=RciT0tBByzM,75K views,8 months ago,2022-09-09 14:12:18.384721
Complete Current Affairs 2021 | Top 100 News | All Competitive Exams,https://www.youtube.com/watch?v=1g2IDXaWZys,291K views,8 months ago,2022-09-09 14:12:18.384721
MUST Know Important Laws of India!,https://www.youtube.com/watch?v=K65DEXrR9As,274K views,8 months ago,2022-09-09 14:12:18.384721
November 2021 Monthly Current Affairs | November 2021 | Current Affairs 2021,https://www.youtube.com/watch?v=hj0CYduxeSA,82K views,9 months ago,2022-09-09 14:12:18.384721
Will India üáÆüá≥ Ban Cryptocurrency?,https://www.youtube.com/shorts/bOHNg42sK3w,167K views,9 months ago,2022-09-09 14:12:18.384721
Interesting Unknown Facts about Indian Constitution | Constitution Day,https://www.youtube.com/watch?v=uLszt_XrjhY,185K views,9 months ago,2022-09-09 14:12:18.384721
Books on Indian Constitution | Law students üìö,https://www.youtube.com/shorts/U2_m0xmLzsQ,630K views,9 months ago,2022-09-09 14:12:18.384721
Rank of Police Officers in India | Indian Police Service | UPSC | State PSC,https://www.youtube.com/watch?v=HCzNNCHEWgo,213K views,9 months ago,2022-09-09 14:12:18.384721
IAS v. IPS v. IFS | What is the Difference?,https://www.youtube.com/watch?v=RBfp15_Ralg,102K views,9 months ago,2022-09-09 14:12:18.384721
Farm Laws are getting REPEALED! Explained with Full Timeline,https://www.youtube.com/watch?v=x87wMtye4Cs,206K views,9 months ago,2022-09-09 14:12:18.384721
How long is a Life Sentence in India? | IPC | CrPC,https://www.youtube.com/watch?v=_8X3ehj-Y4Q,98K views,9 months ago,2022-09-09 14:12:18.384721
Article vs. Section | What is the Difference?,https://www.youtube.com/watch?v=IOOCnxkTjYk,150K views,9 months ago,2022-09-09 14:12:18.384721
October 2021 Monthly Current Affairs | October 2021 | Current Affairs 2021,https://www.youtube.com/watch?v=BNNQX_4dNzg,71K views,10 months ago,2022-09-09 14:12:18.384721
AIBE Exam XVI 2021 | Full Question Paper with Answer Key,https://www.youtube.com/watch?v=fPYMUCrjzdo,107K views,10 months ago,2022-09-09 14:12:18.384721
Understand Supreme Court of India | Indian Constitution | Article 124-147,https://www.youtube.com/watch?v=v-2dyU0ANAs,425K views,10 months ago,2022-09-09 14:12:18.384721
Are Arrest & Custody the Same? | Police Custody v. Judicial Custody | Criminal Law,https://www.youtube.com/watch?v=5_tKpxLrvpw,126K views,10 months ago,2022-09-09 14:12:18.384721
"Drug Laws & Punishment in India | NDPS Act, 1985 Explained",https://www.youtube.com/watch?v=4Jci5NUeNyY,115K views,10 months ago,2022-09-09 14:12:18.384721
Is Marital Rape a Crime in India? | Crime Against Women | IPC,https://www.youtube.com/watch?v=SfI8Y5fxBPY,113K views,10 months ago,2022-09-09 14:12:18.384721
5 Benefits of Bar Council Registration in India | State Bar Council | AIBE,https://www.youtube.com/watch?v=d6l53YFQCMw,359K views,11 months ago,2022-09-09 14:12:18.384721
How to become a Lawyer and Advocate | Career in Law,https://www.youtube.com/watch?v=dLG_HBfmguU,53K views,11 months ago,2022-09-09 14:12:18.384721
September 2021 Monthly Current Affairs | September 2021 | Current Affairs 2021,https://www.youtube.com/watch?v=eGKuSzhiF5E,45K views,11 months ago,2022-09-09 14:12:18.384721
Divorce (Talaq) Under Muslim Law | Types of Talaq,https://www.youtube.com/watch?v=8jZUjS3ez4Q,103K views,11 months ago,2022-09-09 14:12:18.384721
Sources of Hindu Law | Ancient & Modern Sources | Family Law,https://www.youtube.com/watch?v=ffe3E4MJ-kA,76K views,11 months ago,2022-09-09 14:12:18.384721
How to Crack a Job Interview | How to Get a Job?,https://www.youtube.com/watch?v=r9pgdxIvtEA,43K views,11 months ago,2022-09-09 14:12:18.384721
"OBC Act 2021 Explained, 105th Constitutional Amendment Act | Reservation System",https://www.youtube.com/watch?v=l8baX6PtaAA,530K views,1 year ago,2022-09-09 14:12:18.384721
August 2021 Monthly Current Affairs | August 2021 | Current Affairs 2021,https://www.youtube.com/watch?v=ls9MUKD0_RA,99K views,1 year ago,2022-09-09 14:12:18.384721
Difference between Judgment Decree and Order | Civil Procedure Code,https://www.youtube.com/watch?v=HPRkYVqgo5s,524K views,1 year ago,2022-09-09 14:12:18.384721
Difference between Judge and Magistrate | Indian Judiciary,https://www.youtube.com/watch?v=wcspthKBs3g,512K views,1 year ago,2022-09-09 14:12:18.384721
July 2021 Monthly Current Affairs | July 2021 | Current Affairs 2021,https://www.youtube.com/watch?v=S2fw1XNJTns,118K views,1 year ago,2022-09-09 14:12:18.384721
Must Know Cases of 2021 | Top Cases for 2021 Exams,https://www.youtube.com/watch?v=3e1JE9o-wjE,351K views,1 year ago,2022-09-09 14:12:18.384721
Evolution and History of Civil Services in India | UPSC Exam in India,https://www.youtube.com/watch?v=BrWo8EHL8Is,155K views,1 year ago,2022-09-09 14:12:18.384721
Monthly Current Affairs | May 2021 | Current Affairs 2021,https://www.youtube.com/watch?v=KoIR2CRtY7k,99K views,1 year ago,2022-09-09 14:12:18.384721
Battle for Jerusalem 2021 | Israel-Palestine Conflict,https://www.youtube.com/watch?v=vnld0iAEXQQ,216K views,1 year ago,2022-09-09 14:12:18.384721
Understand Full History of Israel-Palestine: Explained,https://www.youtube.com/watch?v=GL-Rv2Zy8jQ,241K views,1 year ago,2022-09-09 14:12:18.384721
How to Read a Case Citation,https://www.youtube.com/watch?v=lrwgc-Cbd5E,162K views,1 year ago,2022-09-09 14:12:18.384721
"Difference between an Act, Bill, Ordinance, Rules, Regulations | Explained",https://www.youtube.com/watch?v=OVFy5r1m5Wo,514K views,1 year ago,2022-09-09 14:12:18.384721
April 2021 Monthly Current Affairs | Important Current Affairs 2021,https://www.youtube.com/watch?v=-FJ9WHJUDhc,69K views,1 year ago,2022-09-09 14:12:18.384721
Types of VIP Security in India,https://www.youtube.com/watch?v=Dz1EWPn0dKY,386K views,1 year ago,2022-09-09 14:12:18.384721
Important and Controversial Judgments by Chief Justice Bobde | Important Judgments 2021,https://www.youtube.com/watch?v=XCPduJAAtzk,139K views,1 year ago,2022-09-09 14:12:18.384721
How do you Address a Judge? | My Lord or not? | Lawyers in Supreme Court,https://www.youtube.com/watch?v=Fr8b6zFDwjo,595K views,1 year ago,2022-09-09 14:12:18.384721
"IBPS SO Law Officer Exam 2021 | Know the Eligibility, Dates, Pattern & Syllabus IBPS",https://www.youtube.com/watch?v=pJGmyttJHCo,46K views,1 year ago,2022-09-09 14:12:18.384721
AIBE 2021 | New Exam Pattern | How to Prepare for AIBE Exam | New Pattern BCI AIBE,https://www.youtube.com/watch?v=hPn1mXEr1HU,143K views,1 year ago,2022-09-09 14:12:18.384721
Kyu Khate the Geeta ki Kasam? | Indian Oaths Act,https://www.youtube.com/watch?v=KgVVTpx4nEM,578K views,1 year ago,2022-09-09 14:12:18.384721
Difference between IPC and CrPC | Indian Penal Code and Criminal Procedure Code Difference,https://www.youtube.com/watch?v=dVPedKxq7Sw,439K views,1 year ago,2022-09-09 14:12:18.384721
"""No Advertisements"" for Lawyers | Bar Council of India Rule 36",https://www.youtube.com/shorts/lZYN_w3lC9M,386K views,1 year ago,2022-09-09 14:12:18.384721
TOP Exams for Law Students | Exams after LL. B,https://www.youtube.com/watch?v=vH07tUyzmzc,885K views,1 year ago,2022-09-09 14:12:18.384721
"What is the difference Between Lawyer, Advocate, Barrister, Attorney and more!",https://www.youtube.com/watch?v=iCRyBQfwOwo,2.2M views,1 year ago,2022-09-09 14:12:18.384721
Monthly Current Affairs | March 2021 | Current Affairs 2021,https://www.youtube.com/watch?v=LWem7vtDLoY,65K views,1 year ago,2022-09-09 14:12:18.384721
"Everything about Right to Information Act, 2005 | 2019 Amendment | How to File RTI?",https://www.youtube.com/watch?v=d24o_s9ryis,129K views,1 year ago,2022-09-09 14:12:18.384721
Rights of Arrested Person | Code of Criminal Procedure | Indian Constitution,https://www.youtube.com/watch?v=EXZj-gdfW4g,76K views,1 year ago,2022-09-09 14:12:18.384721
"What is a Development Finance Institution (DFI) | What is NaBFID Bill, 2021: Explained",https://www.youtube.com/watch?v=NAOchbjdtR0,33K views,1 year ago,2022-09-09 14:12:18.384721
Powers of a Lt. Governor: National Capital Territory of Delhi (Amendment) Bill 2021,https://www.youtube.com/watch?v=DDw5Uo5B6Pw,69K views,1 year ago,2022-09-09 14:12:18.384721
Jobs Quota for Locals? Reservation in Private Jobs: Explained,https://www.youtube.com/watch?v=D9WM8yDfxRU,16K views,1 year ago,2022-09-09 14:12:18.384721
75% Reservation quota in Private Sector Jobs? Good or Bad?,https://www.youtube.com/shorts/1UFc-JWIGbo,174K views,1 year ago,2022-09-09 14:12:18.384721
Explained: Medical Termination of Pregnancy (Amendment) Bill 2021,https://www.youtube.com/shorts/jBuTZ90jcRM,260K views,1 year ago,2022-09-09 14:12:18.384721
Kesavananda Bharati v. State of Kerala | Most important case of Indian Constitution,https://www.youtube.com/watch?v=skR6Z6TwdcM,940K views,1 year ago,2022-09-09 14:12:18.384721
Tricks & Techniques to Remember Orders of CPC | Learn CPC quickly | Orders of Civil Procedure Code,https://www.youtube.com/watch?v=Qd1SzqrYZUw,124K views,1 year ago,2022-09-09 14:12:18.384721
What is Bail? Section 436-439 of CrPC | Procedure for Bail,https://www.youtube.com/watch?v=IR82hUlSM8o,185K views,1 year ago,2022-09-09 14:12:18.384721
February 2021 | Monthly Current Affairs 2021 - February | Current Affairs 2021,https://www.youtube.com/watch?v=2LcMIBCm_1E,65K views,1 year ago,2022-09-09 14:12:18.384721
Government Exams/Jobs for a Law Student | Career Options After LLB,https://www.youtube.com/watch?v=GNExywhBDZw,557K views,1 year ago,2022-09-09 14:12:18.384721
Shabnam Case and Remedies available to Death Penalty | Mercy Petition in India,https://www.youtube.com/watch?v=fV4VXd9IJBo,516K views,1 year ago,2022-09-09 14:12:18.384721
Tricks to Remember Orders of CPC | Learn CPC easily & quickly | Orders of Civil Procedure Code,https://www.youtube.com/watch?v=N1EEbgBOH4E,609K views,1 year ago,2022-09-09 14:12:18.384721
Priya Ramani v. MJ Akbar Case | Defamation Case | India`s #Metoo Movement,https://www.youtube.com/watch?v=EBvIAvoIfQw,46K views,1 year ago,2022-09-09 14:12:18.384721
What is Toolkit Case and Who is Disha Ravi?,https://www.youtube.com/watch?v=DnLPHoWhp7U,240K views,1 year ago,2022-09-09 14:12:18.384721
"Story of World War 2 | Reasons, Impact and Aftermath of WW2",https://www.youtube.com/watch?v=f7W4bKFR4Ng,193K views,1 year ago,2022-09-09 14:12:18.384721
World War 1 Explained | What happened during World War 1 | Reasons and Aftermath of WW1,https://www.youtube.com/watch?v=tijQPfaN4sI,394K views,1 year ago,2022-09-09 14:12:18.384721
Main Reasons for Farmers Protest #Short,https://www.youtube.com/shorts/GdYVvqjkm8k,139K views,1 year ago,2022-09-09 14:12:18.384721
Farm Law Protests - Who is Right? Farmers or Government? 3 Farm Laws Protests and Debate,https://www.youtube.com/watch?v=lwrDi1ZMREI,346K views,1 year ago,2022-09-09 14:12:18.384721
Uttarakhand Glacier Burst | What caused the Uttarakhand Flood?,https://www.youtube.com/watch?v=Ei99UcxcnPE,189K views,1 year ago,2022-09-09 14:12:18.384721
Myanmar Coup | What is happening and Why? What is a Coup?,https://www.youtube.com/watch?v=eWja-rmuJcM,59K views,1 year ago,2022-09-09 14:12:18.384721
Overview of Budget 2021 - Important Highlights | Budget 2021 Analysis,https://www.youtube.com/watch?v=kjSjapnZPEM,83K views,1 year ago,2022-09-09 14:12:18.384721
"5 Controversial Web Series and OTT Censorship - Tandav, Mirzapur 2, Paatal Lok, etc.",https://www.youtube.com/watch?v=_7eyLytm0Uo,20K views,1 year ago,2022-09-09 14:12:18.384721
Monthly Current Affairs 2021 - January and December | Current Affairs 2021,https://www.youtube.com/watch?v=aHU4PiyH8gw,103K views,1 year ago,2022-09-09 14:12:18.384721
Tips and Tricks to remember Indian Constitution,https://www.youtube.com/watch?v=3PsH0-mfWzQ,3.7M views,1 year ago,2022-09-09 14:12:18.384721
Tips to prepare for New Pattern CLAT UG 2021 | CLAT LLB 2021 - Preparation Strategy,https://www.youtube.com/watch?v=OGjZAGRq2dg,22K views,1 year ago,2022-09-09 14:12:18.384721
Arnab Goswami Chat Leak and Privacy Policy | How safe its Watsapp Policy Update?,https://www.youtube.com/watch?v=2HRK1tEODgI,29K views,1 year ago,2022-09-09 14:12:18.384721
How to file FIR? Section 154 of CRPC | What is FIR EXPLAINED,https://www.youtube.com/watch?v=_8aVFLGjmP8,61K views,1 year ago,2022-09-09 14:12:18.384721
Should you give CLAT UG? Law as a Career after 12th | CLAT UG 2021,https://www.youtube.com/watch?v=5zqxWRlQ8oU,293K views,1 year ago,2022-09-09 14:12:18.384721
10 Important Laws everyone should know | Commons Rights of Every Indian,https://www.youtube.com/watch?v=JmhUGEEpq_E,119K views,1 year ago,2022-09-09 14:12:18.384721
Important Legal GK 2020 | CLAT UG | Competitive Exams,https://www.youtube.com/watch?v=YbbMQDIUH8E,153K views,1 year ago,2022-09-09 14:12:18.384721
Most Important Rankings of 2020 | Current Affairs Yearly Compilation 2020 | CLAT UG 2021,https://www.youtube.com/watch?v=09lLGIlK_Y0,29K views,1 year ago,2022-09-09 14:12:18.384721
"Google, Apple, Amazon: Too Big To Compete? | Monopoly Power",https://www.youtube.com/watch?v=S20FGAspZho,18K views,1 year ago,2022-09-09 14:12:18.384721
Will Facebook lose Instagram and WhatsApp? | Lawsuits against Tech Giants for Abuse of Monopoly,https://www.youtube.com/watch?v=Vtmf9zhg9Rk,21K views,1 year ago,2022-09-09 14:12:18.384721
Right to Protest under Indian Constitution: Is it a Fundamental Right?,https://www.youtube.com/watch?v=oDzdknlxcms,86K views,1 year ago,2022-09-09 14:12:18.384721
Most Important Awards of 2020 | Current Affairs Yearly Compilation 2020 | CLAT UG 2021,https://www.youtube.com/watch?v=hl0SYKsD_SQ,31K views,1 year ago,2022-09-09 14:12:18.384721
How India will distribute COVID-19 Vaccine | Who will get the first dose of the Vaccine?,https://www.youtube.com/watch?v=agPjwXjZUL4,16K views,1 year ago,2022-09-09 14:12:18.384721
Why do Private Banks fail in India? | Recent Bank Failures in India,https://www.youtube.com/watch?v=jW0Gz5Zb-1Y,25K views,1 year ago,2022-09-09 14:12:18.384721
"What are these offences? Cognizable, Bailable and Compoundable Offences",https://www.youtube.com/watch?v=pYivG3i1o5E,117K views,1 year ago,2022-09-09 14:12:18.384721
Increasing Legal Age of Marriage for Girls in India - Yes or No?,https://www.youtube.com/watch?v=UMRCIbWVeOM,66K views,1 year ago,2022-09-09 14:12:18.384721
One Nation One Election- Explained!,https://www.youtube.com/watch?v=KzLj5FuOvos,59K views,1 year ago,2022-09-09 14:12:18.384721
November 2020 Current Affairs,https://www.youtube.com/watch?v=IdEW6YN5jv0,48K views,1 year ago,2022-09-09 14:12:18.384721
Basic Structure Doctrine Indian Constitution - Part 2 | Indian Polity,https://www.youtube.com/watch?v=O5uNY7_CxTg,184K views,1 year ago,2022-09-09 14:12:18.384721
Basic Structure Doctrine Indian Constitution - Part 1 | Indian Polity,https://www.youtube.com/watch?v=yVp5QZQzYH0,455K views,1 year ago,2022-09-09 14:12:18.384721
Comedy and Contempt of Court in India | Freedom of Speech and Personal Liberty | Kunal Kamra,https://www.youtube.com/watch?v=QE2x15yWy8w,42K views,1 year ago,2022-09-09 14:12:18.384721
Did India leave because of China? RCEP - World`s Biggest Trade Agreement,https://www.youtube.com/watch?v=JvRsSjW3gMM,21K views,1 year ago,2022-09-09 14:12:18.384721
Anti Conversion Law - Is changing your Religion Illegal?,https://www.youtube.com/watch?v=7CqU20-by68,78K views,1 year ago,2022-09-09 14:12:18.384721
How to Prepare for CLAT PG 2021 | Crack CLAT LLM 2021,https://www.youtube.com/watch?v=zklTs-q8XYI,58K views,1 year ago,2022-09-09 14:12:18.384721
Amazon vs. Reliance: Why are they at War? | Future Retail Deal,https://www.youtube.com/watch?v=cE5_y23MRFM,127K views,1 year ago,2022-09-09 14:12:18.384721
Why Arnab Goswami was Arrested and Why Supreme Court granted Bail,https://www.youtube.com/watch?v=aAMW4VAur1s,86K views,1 year ago,2022-09-09 14:12:18.384721
India vs. USA Elections | Which one is better? | Presidential v. Parliamentary form of Government,https://www.youtube.com/watch?v=OjF7-HZc_Cs,32K views,1 year ago,2022-09-09 14:12:18.384721
October 2020 Current Affairs,https://www.youtube.com/watch?v=iPNhVk8gQbk,46K views,1 year ago,2022-09-09 14:12:18.384721
Are Bitcoins Safe and Legal in India? | What is Bitcoin - Explained,https://www.youtube.com/watch?v=Zps5H3-rsNo,134K views,1 year ago,2022-09-09 14:12:18.384721
Sedition in India | Sedition Law Explained | Section 124A IPC,https://www.youtube.com/watch?v=kV8OGuVOWGg,96K views,1 year ago,2022-09-09 14:12:18.384721
Satyam Scam Explained | Satyam Fraud Case Study,https://www.youtube.com/watch?v=vPiOOJOFvyI,132K views,1 year ago,2022-09-09 14:12:18.384721
Indian Polity - Historical Background | Chapter 1 Indian Constitution,https://www.youtube.com/watch?v=WuS_wbPix84,325K views,1 year ago,2022-09-09 14:12:18.384721
"Gambling, Betting and Fantasy Sports - Are they Legal in India?",https://www.youtube.com/watch?v=7bWvJyPaJzo,67K views,1 year ago,2022-09-09 14:12:18.384721
Overview of AADHAAR Case | Landmark Judgments of India | K.S. Puttaswamy v. Union of India,https://www.youtube.com/watch?v=qbsprIphbpk,106K views,1 year ago,2022-09-09 14:12:18.384721
Remix Songs vs. Copyright Laws in India | Copyright and Music Industry,https://www.youtube.com/watch?v=L-hCJmTXUq0,23K views,1 year ago,2022-09-09 14:12:18.384721
3 New Labour Codes | Labour Law Reforms,https://www.youtube.com/watch?v=kQZ_vjgSUDg,113K views,1 year ago,2022-09-09 14:12:18.384721
Phone Tapping Laws in India | Is Phone Tapping Legal ?,https://www.youtube.com/watch?v=Jo3w1iYG_Nw,31K views,1 year ago,2022-09-09 14:12:18.384721
Do we have a Right to Privacy in India? | Indian Constitution Important Cases | Fundamental Right,https://www.youtube.com/watch?v=vca6MlZ3n9k,151K views,1 year ago,2022-09-09 14:12:18.384721
3 Farm Bill Review | Are they Good or Bad for Farmers?,https://www.youtube.com/watch?v=Oib04c4R6-U,669K views,1 year ago,2022-09-09 14:12:18.384721
What‚Äôs Wrong with FARM BILLS?,https://www.youtube.com/watch?v=9LiBpmhpLck,181K views,Streamed 1 year ago,2022-09-09 14:12:18.384721
What is UAPA Act | Unlawful Activities Prevention Act | 2019 Amendment Act,https://www.youtube.com/watch?v=1fPMyvpbvbA,216K views,1 year ago,2022-09-09 14:12:18.384721
"3 Important Investigating Agencies - CBI, ED, NCB",https://www.youtube.com/watch?v=vKuE-YtktuM,1.9M views,1 year ago,2022-09-09 14:12:18.384721
Culpable Homicide and Murder | Indian Penal Code | Section 299 and 300,https://www.youtube.com/watch?v=t2gc-hjdrd0,232K views,1 year ago,2022-09-09 14:12:18.384721
Right to Internet as a Fundamental Right,https://www.youtube.com/watch?v=6xsrVY3cpkA,133K views,2 years ago,2022-09-09 14:12:18.384721
Most Important Rankings of 2019-2020,https://www.youtube.com/watch?v=MkkKqWU22Cs,53K views,2 years ago,2022-09-09 14:12:18.384721
Most Important Awards of 2020 | Yearly Awards and Honours Compilation 2019-2020,https://www.youtube.com/watch?v=tdTYmjXZuqE,83K views,2 years ago,2022-09-09 14:12:18.384721
This Independence Day 2020 üáÆüá≥,https://www.youtube.com/watch?v=FILpQ8wGnz0,99K views,2 years ago,2022-09-09 14:12:18.384721
Daughters Right to Property | Vineeta Sharma v. Rakesh Sharma Case Analysis 2020,https://www.youtube.com/watch?v=hDq8Uqo0bqg,472K views,2 years ago,2022-09-09 14:12:18.384721
India`s National Security Laws 2020,https://www.youtube.com/watch?v=Eb9II6xnMzc,181K views,2 years ago,2022-09-09 14:12:18.384721
July Current Affairs 2020 | 2020 Current Affairs,https://www.youtube.com/watch?v=gNHmdTBwp3c,74K views,2 years ago,2022-09-09 14:12:18.384721
New Education Policy 2020 | NEP 2020,https://www.youtube.com/watch?v=BIJBveGlgo0,718K views,2 years ago,2022-09-09 14:12:18.384721
Top 10 labour laws in India for Employees Ft.@Labour Law Advisor,https://www.youtube.com/watch?v=QcVPILsV84Q,696K views,2 years ago,2022-09-09 14:12:18.384721
"Should you do an LL.M. after LL.B.? | Ft. Prof. Sidharth Chauhan, NALSAR | Everything about LL.M.",https://www.youtube.com/watch?v=pj9ljOU0bXc,164K views,2 years ago,2022-09-09 14:12:18.384721
The Truth about Custodial Violence in India,https://www.youtube.com/watch?v=33ReES81Tnk,137K views,2 years ago,2022-09-09 14:12:18.384721
Digital Strike - India v. China,https://www.youtube.com/watch?v=wMNwmvp__UE,56K views,2 years ago,2022-09-09 14:12:18.384721
June Current Affairs 2020 | June Week 4 Current Affairs,https://www.youtube.com/watch?v=bLWauTQDRNU,24K views,2 years ago,2022-09-09 14:12:18.384721
#Week3 June 2020 Current Affairs | June 2020 Current Affairs,https://www.youtube.com/watch?v=EL4_gV0QxXs,38K views,2 years ago,2022-09-09 14:12:18.384721
Quick June Current Affairs | Week 2 June 2020 | 7th-13th June 2020,https://www.youtube.com/watch?v=XyV6mVOVuSI,48K views,2 years ago,2022-09-09 14:12:18.384721
PM CARES Fund and RTI | Why is PM CARES Fund not covered under RTI?,https://www.youtube.com/watch?v=XAB9TYyC7_c,146K views,2 years ago,2022-09-09 14:12:18.384721
Preamble of Indian Constitution | Importance of Preamble Indian Polity,https://www.youtube.com/watch?v=LYHAy68pQWA,927K views,2 years ago,2022-09-09 14:12:18.384721
Current Affairs April 2020 | Monthly Current Affairs 2020,https://www.youtube.com/watch?v=AfCRXjb8vVI,80K views,2 years ago,2022-09-09 14:12:18.384721
CLAT PG 2020 Strategy and Sample Paper Overview | LLM Entrance Exam 2020,https://www.youtube.com/watch?v=LZbzH-iygO0,62K views,2 years ago,2022-09-09 14:12:18.384721
General Defences IPC | Section 76-106 IPC | Chapter 4 IPC,https://www.youtube.com/watch?v=OZMnJagCjxk,723K views,2 years ago,2022-09-09 14:12:18.384721
March 2020 Current Affairs | Monthly Current Affairs,https://www.youtube.com/watch?v=pZRG6H9rQA8,99K views,2 years ago,2022-09-09 14:12:18.384721
Quiz on Important Judgments | Landmark and Recent Cases 2019-2020,https://www.youtube.com/watch?v=7zACHrQnWmY,88K views,2 years ago,2022-09-09 14:12:18.384721
Important Recent Cases of 2019-2020 | Major Landmark judgments of 2019 - 2020,https://www.youtube.com/watch?v=NI_K630x6Qo,401K views,2 years ago,2022-09-09 14:12:18.384721
Recession in India | What is Financial Emergency? | Article 360 | Indian Constitution,https://www.youtube.com/watch?v=Qxu4NFCfSug,210K views,2 years ago,2022-09-09 14:12:18.384721
Kya hai Lockdown vs. Curfew | 21 day Complete Lockdown | India,https://www.youtube.com/watch?v=VvC-FEjO2yM,192K views,2 years ago,2022-09-09 14:12:18.384721
Schools of Jurisprudence and Legal Theory | Analytical School and Historical School,https://www.youtube.com/watch?v=xmjtEOxkH7s,150K views,2 years ago,2022-09-09 14:12:18.384721
Fundamental Rights Indian Constitution | Quick Revision,https://www.youtube.com/watch?v=pvbcJ7SkG8w,943K views,2 years ago,2022-09-09 14:12:18.384721
This Women‚Äôs Day!,https://www.youtube.com/watch?v=JfK-8r_nNbA,55K views,2 years ago,2022-09-09 14:12:18.384721
2020 February Current Affairs | Monthly Current Affairs 2020,https://www.youtube.com/watch?v=fNn3YFvDWMc,140K views,2 years ago,2022-09-09 14:12:18.384721
Where to Invest in 2020 | Investing for Beginners,https://www.youtube.com/watch?v=rkTUxqJ32lI,111K views,2 years ago,2022-09-09 14:12:18.384721
Top Important Appointments | 2019-2020 | Yearly Compilation,https://www.youtube.com/watch?v=TTsg6rMOpDA,86K views,2 years ago,2022-09-09 14:12:18.384721
Important MCQs on Fundamental Duties | Indian Constitution,https://www.youtube.com/watch?v=841BWCyNsec,131K views,2 years ago,2022-09-09 14:12:18.384721
Fundamental Duties in Indian Constitution | Part IV A - Article 51A | Indian Polity,https://www.youtube.com/watch?v=o2r_y9LAgpo,534K views,2 years ago,2022-09-09 14:12:18.384721
CLAT PG 2023 | LLM Crash Course | CLAT 2023,https://www.youtube.com/watch?v=ghzPnsPb2Vo,47K views,2 years ago,2022-09-09 14:12:18.384721
Current Affairs | January 2020 | Monthly Current Affairs 2020,https://www.youtube.com/watch?v=By3JCgLTxzE,204K views,2 years ago,2022-09-09 14:12:18.384721
Most Important Awards of 2019 | Awards and Honours Compilation 2019-20,https://www.youtube.com/watch?v=JHP043-Eu90,102K views,2 years ago,2022-09-09 14:12:18.384721
Indian Citizenship Act | Acquisition and Loss of Citizenship | Sec 3 - 10,https://www.youtube.com/watch?v=BKtdaRo-4tk,404K views,2 years ago,2022-09-09 14:12:18.384721
December 2019 | Current Affairs | Monthly Current Affairs 2019-20,https://www.youtube.com/watch?v=1BmW9rMyWG8,221K views,2 years ago,2022-09-09 14:12:18.384721
"CAB 2019 | Citizenship Amendment Bill, 2019 | Assam Protests",https://www.youtube.com/watch?v=ZUqv2xwCWi8,806K views,2 years ago,2022-09-09 14:12:18.384721
November 2019 Current Affairs | Monthly Wrap up | November 2019,https://www.youtube.com/watch?v=XOQCm5eNvhs,137K views,2 years ago,2022-09-09 14:12:18.384721
Citizenship Indian Polity | Art 5-11 Indian Constitution | Part 2 Constitution of India,https://www.youtube.com/watch?v=xGR_lzTArP4,799K views,2 years ago,2022-09-09 14:12:18.384721
Ayodhya Verdict: Highlights of Ram Mandir - Babri Masjid Case | 2019 Supreme Court Judgment,https://www.youtube.com/watch?v=7r7pT5fddEw,919K views,2 years ago,2022-09-09 14:12:18.384721
October 2019 Current Affairs | Monthly Wrap up | November 2019,https://www.youtube.com/watch?v=OTfMvokCams,144K views,2 years ago,2022-09-09 14:12:18.384721
Team Finology Wishes you #AchhiWaliDiwali,https://www.youtube.com/watch?v=LXtXqLv1cVA,34K views,2 years ago,2022-09-09 14:12:18.384721
Certificate Course on Company Law,https://www.youtube.com/watch?v=uBgJjIHaxc8,47K views,2 years ago,2022-09-09 14:12:18.384721
Lifting up of Corporate Veil with Important Cases | Company Law | Daimler Co. v. Continental Tyres,https://www.youtube.com/watch?v=XztqwinidTw,187K views,2 years ago,2022-09-09 14:12:18.384721
Theory of Corporate Personality | Company Law | Cases Saloman v. Saloman | Lee v. Lee,https://www.youtube.com/watch?v=R8qDU3XEiPQ,185K views,2 years ago,2022-09-09 14:12:18.384721
Sources of Indian Constitution | Indian Polity,https://www.youtube.com/watch?v=f9bsEZ3XMG4,453K views,2 years ago,2022-09-09 14:12:18.384721
The Current Affairs Quiz,https://www.youtube.com/watch?v=IIk56z3Mx-k,10K views,2 years ago,2022-09-09 14:12:18.384721
Top Awards For 2019 | Current Affairs Important Awards 2019,https://www.youtube.com/watch?v=HQptn-OuEHU,95K views,2 years ago,2022-09-09 14:12:18.384721
August 2019 Current Affairs | Special Announcement,https://www.youtube.com/watch?v=6sHRwT4vB-Y,103K views,3 years ago,2022-09-09 14:12:18.384721
What is Triple Talaq | Triple Talaq Bill In Hindi | with Shayara Bano Case Analysis,https://www.youtube.com/watch?v=Id5lY5ce53w,566K views,3 years ago,2022-09-09 14:12:18.384721
Learn Constitution of India,https://www.youtube.com/watch?v=Xm5aCc0uzFE,156K views,3 years ago,2022-09-09 14:12:18.384721
Article 370 & Jammu and Kashmir | Article 35 A,https://www.youtube.com/watch?v=sPELkkD6SWk,759K views,3 years ago,2022-09-09 14:12:18.384721
July 2019 Current Affairs,https://www.youtube.com/watch?v=soRWHTlLQGo,120K views,3 years ago,2022-09-09 14:12:18.384721
5 Important Cases of Indian Contract Act 1872 | Part 1,https://www.youtube.com/watch?v=XJIWnL81cEI,547K views,3 years ago,2022-09-09 14:12:18.384721
5 Important Cases of Indian Contract Act 1872 | Part 2,https://www.youtube.com/watch?v=PAB5JG_NHzM,278K views,3 years ago,2022-09-09 14:12:18.384721
Article 17 of Indian Constitution | Abolition of Untouchability | Indian Polity,https://www.youtube.com/watch?v=n0b4ndjL8m4,40K views,3 years ago,2022-09-09 14:12:18.384721
Article 17 Indian Constitution: Abolition of Untouchability,https://www.youtube.com/watch?v=JfeX8SHFizg,183K views,3 years ago,2022-09-09 14:12:18.384721
June 2019 Current Affairs,https://www.youtube.com/watch?v=hWze0gsrcPI,85K views,3 years ago,2022-09-09 14:12:18.384721
Indian Contract Act | Part 1,https://www.youtube.com/watch?v=t96A1DrsZTw,1.3M views,3 years ago,2022-09-09 14:12:18.384721
Indian Constitution Article 370 and Article 35 A | Jammu and Kashmir,https://www.youtube.com/watch?v=1W1mb83g39E,1.1M views,3 years ago,2022-09-09 14:12:18.384721
How was India Formed | Princely States and Jammu and Kashmir,https://www.youtube.com/watch?v=FQgzbT9yaaw,693K views,3 years ago,2022-09-09 14:12:18.384721
Current Affairs May 2019 | Quick Wrap-up,https://www.youtube.com/watch?v=61xAO9kKy9w,97K views,3 years ago,2022-09-09 14:12:18.384721
Important Legal Gk 2019 | CLAT UG,https://www.youtube.com/watch?v=opC5XbRVGeE,150K views,3 years ago,2022-09-09 14:12:18.384721
My Course on Constitution of India | Indian Polity,https://www.youtube.com/watch?v=w2AEhTShLrE,72K views,3 years ago,2022-09-09 14:12:18.384721
Election Commission of India | ‡§®‡§ø‡§∞‡•ç‡§µ‡§æ‡§ö‡§® ‡§Ü‡§Ø‡•ã‡§ó | Indian Constitution | Indian Polity,https://www.youtube.com/watch?v=nRLxBQfnZOU,720K views,3 years ago,2022-09-09 14:12:18.384721
Current Affairs April | AILET 2019 | CLAT 2019,https://www.youtube.com/watch?v=ye3C4Mfo2pw,113K views,3 years ago,2022-09-09 14:12:18.384721
Top Current affairs 2018 - 2019 | Current Affair,https://www.youtube.com/watch?v=NaFplK3LYLI,317K views,3 years ago,2022-09-09 14:12:18.384721
Constitution of India Books for Students | Big Announcement,https://www.youtube.com/watch?v=HKUUmW-AzgE,187K views,3 years ago,2022-09-09 14:12:18.384721
Centre-State Relations | Article 245 - 255 of the Indian Constitution | Legislative Relations,https://www.youtube.com/watch?v=jN_IVXQr3DQ,1.3M views,3 years ago,2022-09-09 14:12:18.384721
CLAT 2019 | Important Legal Maxims | DU LLB AILET Law Entrance Exam,https://www.youtube.com/watch?v=i9g-bfjYyHM,422K views,3 years ago,2022-09-09 14:12:18.384721
March Current Affairs 2019 | In 10 minutes,https://www.youtube.com/watch?v=sTL-XwUfx0s,121K views,3 years ago,2022-09-09 14:12:18.384721
Important Recent Cases of 2018-2019 | Major judgments of 2018 - 2019,https://www.youtube.com/watch?v=jdWkRmXWpGA,332K views,3 years ago,2022-09-09 14:12:18.384721
Landmark Cases on Constitution | Indian Polity Important Cases | 2019,https://www.youtube.com/watch?v=xrB3-8iac7U,858K views,3 years ago,2022-09-09 14:12:18.384721
Q & A with Finology legal,https://www.youtube.com/watch?v=NwO2yELaijw,80K views,Streamed 3 years ago,2022-09-09 14:12:18.384721
February 2019 Current Affairs | CA Quick Revision | Important February Current Affairs 2019,https://www.youtube.com/watch?v=yV98Ez_UO_U,159K views,3 years ago,2022-09-09 14:12:18.384721
Geneva Convention and India | 2019 |  IAF Pilot Abhinandan Varthaman,https://www.youtube.com/watch?v=HbIspkyfoko,95K views,3 years ago,2022-09-09 14:12:18.384721
Indus Water Treaty | ‡§∏‡§ø‡§Ç‡§ß‡•Å ‡§ú‡§≤ ‡§∏‡§Ç‡§ß‡§ø | 2019 | India and Pakistan,https://www.youtube.com/watch?v=qNERqqYYvyA,77K views,3 years ago,2022-09-09 14:12:18.384721
Major Attacks in India | Pulwama Attack | 2019 | India and Pakistan,https://www.youtube.com/watch?v=vVJhEICj4rU,69K views,3 years ago,2022-09-09 14:12:18.384721
Important Constitutional Amendments | Indian Polity | Major Amendments of Indian Constitution,https://www.youtube.com/watch?v=WDcAh2vfsdc,767K views,3 years ago,2022-09-09 14:12:18.384721
January 2019 Current Affairs | For Competitive Exams | Quick Revision,https://www.youtube.com/watch?v=tQ7P3X_N7nw,162K views,3 years ago,2022-09-09 14:12:18.384721
President Rule in Maharashtra : Article 356 President Rule and State Emergency,https://www.youtube.com/watch?v=kMf1bMtY-30,398K views,3 years ago,2022-09-09 14:12:18.384721
Article 352 National Emergency | 42nd and 44th Amendment of Indian Constitution,https://www.youtube.com/watch?v=SOT4q7XWfFg,879K views,3 years ago,2022-09-09 14:12:18.384721
Major Landmark Cases of Supreme Court 2018 | Latest Judgements of 2018,https://www.youtube.com/watch?v=ugK6FS_N-vo,223K views,3 years ago,2022-09-09 14:12:18.384721
Top Current Affair 2018 | (January - December) Trending Topics 2018,https://www.youtube.com/watch?v=y9KqcpyTw6k,423K views,3 years ago,2022-09-09 14:12:18.384721
Article 22 | Indian Constitution | Protection from Arrest and Detention,https://www.youtube.com/watch?v=L8rrdFCt4t4,396K views,3 years ago,2022-09-09 14:12:18.384721
Strict Liability and Absolute Liability | Law of Torts,https://www.youtube.com/watch?v=ATkfVPRQv1U,625K views,3 years ago,2022-09-09 14:12:18.384721
Realist School | Jurisprudence |American Realism | In Hindi,https://www.youtube.com/watch?v=ezCzMxhQ4_k,187K views,3 years ago,2022-09-09 14:12:18.384721
Directive Principles Of State Policy | DPSP | Article 36-51 | Indian Constitution,https://www.youtube.com/watch?v=Id_Chh5y8Zc,1.4M views,3 years ago,2022-09-09 14:12:18.384721
5 Types of Writs | Constitutional Remedies | Article 32 and Article 226,https://www.youtube.com/watch?v=3cG-0QeRF3o,2.9M views,3 years ago,2022-09-09 14:12:18.384721
Sociological School of Jurisprudence | In Hindi,https://www.youtube.com/watch?v=mzz933TjQH4,280K views,3 years ago,2022-09-09 14:12:18.384721
Philosophical School of Jurisprudence | Natural Law School | Legal Theory | In Hindi,https://www.youtube.com/watch?v=4H456YMZdYU,191K views,3 years ago,2022-09-09 14:12:18.384721
Basics of Historical School of Jurisprudence | Jurisprudence in Hindi,https://www.youtube.com/watch?v=zGpyi1fgo2s,305K views,3 years ago,2022-09-09 14:12:18.384721
Basics of Jurisprudence | Analytical School - Bentham & Austin | Legal classes online In Hindi,https://www.youtube.com/watch?v=vlijnl2VKTY,489K views,3 years ago,2022-09-09 14:12:18.384721
Article 21 of the Indian Constitution | With Important Case Laws In Hindi,https://www.youtube.com/watch?v=0JEyG1V_OL8,728K views,3 years ago,2022-09-09 14:12:18.384721
Article 20 of the Indian Constitution | Indian Constitution in Hindi,https://www.youtube.com/watch?v=dOhygb94aYU,518K views,3 years ago,2022-09-09 14:12:18.384721
Rules of Interpretation | Interpretation of Statutes in Hindi,https://www.youtube.com/watch?v=iN4VWbunbJ4,364K views,3 years ago,2022-09-09 14:12:18.384721
Lokpal and Ombudsman in India | Indian Polity | Administrative Law,https://www.youtube.com/watch?v=IqP-QKSPR1U,259K views,3 years ago,2022-09-09 14:12:18.384721
Separation of Power and Rule of Law in India | Administrative Law,https://www.youtube.com/watch?v=Tjdxq59fOFA,557K views,3 years ago,2022-09-09 14:12:18.384721
Article 19 Of Indian Constitution | In Hindi,https://www.youtube.com/watch?v=sY5koIrpHrw,537K views,3 years ago,2022-09-09 14:12:18.384721
Article 16 Fundamental Right in Hindi | Constitution of India,https://www.youtube.com/watch?v=wvgEFRJ02dE,400K views,3 years ago,2022-09-09 14:12:18.384721
Section 377 | Homosexuality in India | In Hindi,https://www.youtube.com/watch?v=1GGsUFrcuQY,186K views,3 years ago,2022-09-09 14:12:18.384721
Best Tips on How to Learn Faster | In Hindi,https://www.youtube.com/watch?v=48UpUDxeiE8,718K views,4 years ago,2022-09-09 14:12:18.384721
NET DECEMBER 2018,https://www.youtube.com/watch?v=GW8XV8NWUX0,10K views,4 years ago,2022-09-09 14:12:18.384721
Article 15 Indian Constitution | In Hindi | Important Case Laws,https://www.youtube.com/watch?v=S1i06Jm2Kz4,546K views,4 years ago,2022-09-09 14:12:18.384721
Cheque Bounce ‡§π‡•ã‡§®‡•á ‡§™‡§∞ ‡§ï‡•ç‡§Ø‡§æ ‡§ï‡§∞‡•á‡§Ç ?,https://www.youtube.com/watch?v=S5vQA1O0XXY,180K views,4 years ago,2022-09-09 14:12:18.384721
How to Write a Cheque | Hindi,https://www.youtube.com/watch?v=ndNKcPQPkYk,23K views,4 years ago,2022-09-09 14:12:18.384721
Trademark 101 - Easy Introduction to Trademark,https://www.youtube.com/watch?v=8_TdJMjWcbk,161K views,4 years ago,2022-09-09 14:12:18.384721
Article 14 Fundamental Right Indian Constitution | With Case Laws | 14(1) & 14(2),https://www.youtube.com/watch?v=YEAoixRez_Q,739K views,4 years ago,2022-09-09 14:12:18.384721
Article 13 of Indian Constitution with Case Laws | Part 2 | 13(3) & 13(4),https://www.youtube.com/watch?v=RRaWzSPy8ww,272K views,4 years ago,2022-09-09 14:12:18.384721
Article 13 of Indian Constitution | With Important Case Laws | Indian Polity,https://www.youtube.com/watch?v=mZ9pNndZcUs,758K views,4 years ago,2022-09-09 14:12:18.384721
Article 12 | Meaning of State in Indian Constitution | Case Laws,https://www.youtube.com/watch?v=KfaM_kopdx0,511K views,4 years ago,2022-09-09 14:12:18.384721
Basic Structure of Indian Constitution | In 7 Steps | Indian Polity,https://www.youtube.com/watch?v=Ri-EiseLQBs,885K views,4 years ago,2022-09-09 14:12:18.384721
