playlist_title,video_title,video_url
2021 Important Cases,Right to be Forgotten | Important Judgments of 2021 | CLAT | Law Exams,https://www.youtube.com/watch?v=s0BHzbPo45g&list=PLj61oJGRK5Y4JlZMhQ7eALRln_W6AjqOl&index=1
2021 Important Cases,Skin- to- skin Contact Judgment| Sexual Assault Cases 2021| Important Judgments of 2021,https://www.youtube.com/watch?v=CpQIIlDJuE0&list=PLj61oJGRK5Y4JlZMhQ7eALRln_W6AjqOl&index=2
2021 Important Cases,UOI v. KA Najeeb | Important Cases of 2021,https://www.youtube.com/watch?v=HIc-m9Jylwo&list=PLj61oJGRK5Y4JlZMhQ7eALRln_W6AjqOl&index=3
Family Law,Sources of Hindu Law | Ancient & Modern Sources | Family Law,https://www.youtube.com/watch?v=ffe3E4MJ-kA&list=PLj61oJGRK5Y6ko5bnHd8hIbNwOBa6giBa&index=1
Family Law,Divorce (Talaq) Under Muslim Law | Types of Talaq,https://www.youtube.com/watch?v=8jZUjS3ez4Q&list=PLj61oJGRK5Y6ko5bnHd8hIbNwOBa6giBa&index=2
Family Law,Do daughters have right to inherit father's self acquired property? | Important Judgment,https://www.youtube.com/watch?v=eub1KbmRz6I&list=PLj61oJGRK5Y6ko5bnHd8hIbNwOBa6giBa&index=3
CPC | Civil Procedure Code,Difference between Judge and Magistrate | Indian Judiciary,https://www.youtube.com/watch?v=wcspthKBs3g&list=PLj61oJGRK5Y7_VQlOtx6q7APxjjeUzcWG&index=1
CPC | Civil Procedure Code,Tricks to Remember Orders of CPC | Learn CPC easily & quickly | Orders of Civil Procedure Code,https://www.youtube.com/watch?v=N1EEbgBOH4E&list=PLj61oJGRK5Y7_VQlOtx6q7APxjjeUzcWG&index=2
CPC | Civil Procedure Code,Tricks & Techniques to Remember Orders of CPC | Learn CPC quickly | Orders of Civil Procedure Code,https://www.youtube.com/watch?v=Qd1SzqrYZUw&list=PLj61oJGRK5Y7_VQlOtx6q7APxjjeUzcWG&index=3
CPC | Civil Procedure Code,Difference between Judgment Decree and Order | Civil Procedure Code,https://www.youtube.com/watch?v=HPRkYVqgo5s&list=PLj61oJGRK5Y7_VQlOtx6q7APxjjeUzcWG&index=4
Exams for Students,TOP Exams for Law Students | Exams after LL. B,https://www.youtube.com/watch?v=vH07tUyzmzc&list=PLj61oJGRK5Y4fU9a1iBiVf2uF9pVhegbv&index=1
Exams for Students,AIBE 2021 | New Exam Pattern | How to Prepare for AIBE Exam | New Pattern BCI AIBE,https://www.youtube.com/watch?v=hPn1mXEr1HU&list=PLj61oJGRK5Y4fU9a1iBiVf2uF9pVhegbv&index=2
Exams for Students,"IBPS SO Law Officer Exam 2021 | Know the Eligibility, Dates, Pattern & Syllabus IBPS",https://www.youtube.com/watch?v=pJGmyttJHCo&list=PLj61oJGRK5Y4fU9a1iBiVf2uF9pVhegbv&index=3
Exams for Students,Government Exams/Jobs for a Law Student | Career Options After LLB,https://www.youtube.com/watch?v=GNExywhBDZw&list=PLj61oJGRK5Y4fU9a1iBiVf2uF9pVhegbv&index=4
Exams for Students,Understand Full History of Israel-Palestine: Explained,https://www.youtube.com/watch?v=GL-Rv2Zy8jQ&list=PLj61oJGRK5Y4fU9a1iBiVf2uF9pVhegbv&index=5
Exams for Students,Battle for Jerusalem 2021 | Israel-Palestine Conflict,https://www.youtube.com/watch?v=vnld0iAEXQQ&list=PLj61oJGRK5Y4fU9a1iBiVf2uF9pVhegbv&index=6
Exams for Students,Evolution and History of Civil Services in India | UPSC Exam in India,https://www.youtube.com/watch?v=BrWo8EHL8Is&list=PLj61oJGRK5Y4fU9a1iBiVf2uF9pVhegbv&index=7
Exams for Students,Must Know Cases of 2021 | Top Cases for 2021 Exams,https://www.youtube.com/watch?v=3e1JE9o-wjE&list=PLj61oJGRK5Y4fU9a1iBiVf2uF9pVhegbv&index=8
Exams for Students,August 2021 Monthly Current Affairs | August 2021 | Current Affairs 2021,https://www.youtube.com/watch?v=ls9MUKD0_RA&list=PLj61oJGRK5Y4fU9a1iBiVf2uF9pVhegbv&index=9
Exams for Students,How to Crack a Job Interview | How to Get a Job?,https://www.youtube.com/watch?v=r9pgdxIvtEA&list=PLj61oJGRK5Y4fU9a1iBiVf2uF9pVhegbv&index=10
Exams for Students,5 Benefits of Bar Council Registration in India | State Bar Council | AIBE,https://www.youtube.com/watch?v=d6l53YFQCMw&list=PLj61oJGRK5Y4fU9a1iBiVf2uF9pVhegbv&index=11
Exams for Students,Is Marital Rape a Crime in India? | Crime Against Women | IPC,https://www.youtube.com/watch?v=SfI8Y5fxBPY&list=PLj61oJGRK5Y4fU9a1iBiVf2uF9pVhegbv&index=12
Exams for Students,October 2021 Monthly Current Affairs | October 2021 | Current Affairs 2021,https://www.youtube.com/watch?v=BNNQX_4dNzg&list=PLj61oJGRK5Y4fU9a1iBiVf2uF9pVhegbv&index=13
Exams for Students,Farm Laws are getting REPEALED! Explained with Full Timeline,https://www.youtube.com/watch?v=x87wMtye4Cs&list=PLj61oJGRK5Y4fU9a1iBiVf2uF9pVhegbv&index=14
Exams for Students,IAS v. IPS v. IFS | What is the Difference?,https://www.youtube.com/watch?v=RBfp15_Ralg&list=PLj61oJGRK5Y4fU9a1iBiVf2uF9pVhegbv&index=15
Exams for Students,Rank of Police Officers in India | Indian Police Service | UPSC | State PSC,https://www.youtube.com/watch?v=HCzNNCHEWgo&list=PLj61oJGRK5Y4fU9a1iBiVf2uF9pVhegbv&index=16
Exams for Students,November 2021 Monthly Current Affairs | November 2021 | Current Affairs 2021,https://www.youtube.com/watch?v=hj0CYduxeSA&list=PLj61oJGRK5Y4fU9a1iBiVf2uF9pVhegbv&index=17
Exams for Students,December 2021 Monthly Current Affairs | December 2021 | Current Affairs 2021,https://www.youtube.com/watch?v=94mZSjK-RcQ&list=PLj61oJGRK5Y4fU9a1iBiVf2uF9pVhegbv&index=18
Exams for Students,GK Series on Computer Knowledge | Competitive Exams 2022,https://www.youtube.com/watch?v=IVdrYhkHINE&list=PLj61oJGRK5Y4fU9a1iBiVf2uF9pVhegbv&index=19
Exams for Students,BASICS of BANKING | For Competitive Exams 2022,https://www.youtube.com/watch?v=NGWesJRKw6Y&list=PLj61oJGRK5Y4fU9a1iBiVf2uF9pVhegbv&index=20
Exams for Students,Highest Paying Jobs in India 2022,https://www.youtube.com/watch?v=TJ0uzzOw46c&list=PLj61oJGRK5Y4fU9a1iBiVf2uF9pVhegbv&index=21
Exams for Students,January 2022 | Monthly Current Affairs| Current Affairs 2022,https://www.youtube.com/watch?v=h4h79aOf1K0&list=PLj61oJGRK5Y4fU9a1iBiVf2uF9pVhegbv&index=22
Exams for Students,Trick to Remember Full Fundamental Rights | Indian Constitution,https://www.youtube.com/watch?v=7jG6G-kIzD4&list=PLj61oJGRK5Y4fU9a1iBiVf2uF9pVhegbv&index=23
Exams for Students,Ukraine Russia Crisis | Russia Ukraine conflict explained,https://www.youtube.com/watch?v=ZhSMv-AB-jg&list=PLj61oJGRK5Y4fU9a1iBiVf2uF9pVhegbv&index=24
Exams for Students,February 2022 | Monthly Current Affairs| Current Affairs 2022,https://www.youtube.com/watch?v=MQHRdXqQB6M&list=PLj61oJGRK5Y4fU9a1iBiVf2uF9pVhegbv&index=25
Exams for Students,Most Important Current Affairs for Law Entrance Exams 2022 | CLAT | AILET | DU LLB,https://www.youtube.com/watch?v=M3O6bW8dDFE&list=PLj61oJGRK5Y4fU9a1iBiVf2uF9pVhegbv&index=26
Exams for Students,March 2022 | Monthly Current Affairs | Competitive Exams,https://www.youtube.com/watch?v=ul2eRvUikz4&list=PLj61oJGRK5Y4fU9a1iBiVf2uF9pVhegbv&index=27
Exams for Students,April 2022 | Monthly Current Affairs | Competitive Exams,https://www.youtube.com/watch?v=mJAjLWFDOoI&list=PLj61oJGRK5Y4fU9a1iBiVf2uF9pVhegbv&index=28
Exams for Students,Facts you didnt know about Presidents | Draupadi Murmu |Presidential Elections 2022,https://www.youtube.com/watch?v=CV1syXmbl-s&list=PLj61oJGRK5Y4fU9a1iBiVf2uF9pVhegbv&index=29
Important Topics for Competitive Exams,"CAB 2019 | Citizenship Amendment Bill, 2019 | Assam Protests",https://www.youtube.com/watch?v=ZUqv2xwCWi8&list=PLj61oJGRK5Y51o7d8ItyOYUHSmM2aMp15&index=1
Important Topics for Competitive Exams,Indian Citizenship Act | Acquisition and Loss of Citizenship | Sec 3 - 10,https://www.youtube.com/watch?v=BKtdaRo-4tk&list=PLj61oJGRK5Y51o7d8ItyOYUHSmM2aMp15&index=2
Important Topics for Competitive Exams,Important Recent Cases of 2019-2020 | Major Landmark judgments of 2019 - 2020,https://www.youtube.com/watch?v=NI_K630x6Qo&list=PLj61oJGRK5Y51o7d8ItyOYUHSmM2aMp15&index=3
Important Topics for Competitive Exams,Important Legal GK 2020 | CLAT UG | Competitive Exams,https://www.youtube.com/watch?v=YbbMQDIUH8E&list=PLj61oJGRK5Y51o7d8ItyOYUHSmM2aMp15&index=4
Important Topics for Competitive Exams,Most Important Rankings of 2020 | Current Affairs Yearly Compilation 2020 | CLAT UG 2021,https://www.youtube.com/watch?v=09lLGIlK_Y0&list=PLj61oJGRK5Y51o7d8ItyOYUHSmM2aMp15&index=5
Important Topics for Competitive Exams,Right to Protest under Indian Constitution: Is it a Fundamental Right?,https://www.youtube.com/watch?v=oDzdknlxcms&list=PLj61oJGRK5Y51o7d8ItyOYUHSmM2aMp15&index=6
Important Topics for Competitive Exams,Most Important Awards of 2020 | Current Affairs Yearly Compilation 2020 | CLAT UG 2021,https://www.youtube.com/watch?v=hl0SYKsD_SQ&list=PLj61oJGRK5Y51o7d8ItyOYUHSmM2aMp15&index=7
Important Topics for Competitive Exams,Increasing Legal Age of Marriage for Girls in India - Yes or No?,https://www.youtube.com/watch?v=UMRCIbWVeOM&list=PLj61oJGRK5Y51o7d8ItyOYUHSmM2aMp15&index=8
Important Topics for Competitive Exams,One Nation One Election- Explained!,https://www.youtube.com/watch?v=KzLj5FuOvos&list=PLj61oJGRK5Y51o7d8ItyOYUHSmM2aMp15&index=9
Important Topics for Competitive Exams,Comedy and Contempt of Court in India | Freedom of Speech and Personal Liberty | Kunal Kamra,https://www.youtube.com/watch?v=QE2x15yWy8w&list=PLj61oJGRK5Y51o7d8ItyOYUHSmM2aMp15&index=10
Important Topics for Competitive Exams,Anti Conversion Law - Is changing your Religion Illegal?,https://www.youtube.com/watch?v=7CqU20-by68&list=PLj61oJGRK5Y51o7d8ItyOYUHSmM2aMp15&index=11
Important Topics for Competitive Exams,Why Arnab Goswami was Arrested and Why Supreme Court granted Bail,https://www.youtube.com/watch?v=aAMW4VAur1s&list=PLj61oJGRK5Y51o7d8ItyOYUHSmM2aMp15&index=12
Important Topics for Competitive Exams,3 New Labour Codes | Labour Law Reforms,https://www.youtube.com/watch?v=kQZ_vjgSUDg&list=PLj61oJGRK5Y51o7d8ItyOYUHSmM2aMp15&index=13
Important Topics for Competitive Exams,Do we have a Right to Privacy in India? | Indian Constitution Important Cases | Fundamental Right,https://www.youtube.com/watch?v=vca6MlZ3n9k&list=PLj61oJGRK5Y51o7d8ItyOYUHSmM2aMp15&index=14
Important Topics for Competitive Exams,3 Farm Bill Review | Are they Good or Bad for Farmers?,https://www.youtube.com/watch?v=Oib04c4R6-U&list=PLj61oJGRK5Y51o7d8ItyOYUHSmM2aMp15&index=15
Important Topics for Competitive Exams,What is UAPA Act | Unlawful Activities Prevention Act | 2019 Amendment Act,https://www.youtube.com/watch?v=1fPMyvpbvbA&list=PLj61oJGRK5Y51o7d8ItyOYUHSmM2aMp15&index=16
Important Topics for Competitive Exams,"3 Important Investigating Agencies - CBI, ED, NCB",https://www.youtube.com/watch?v=vKuE-YtktuM&list=PLj61oJGRK5Y51o7d8ItyOYUHSmM2aMp15&index=17
Important Topics for Competitive Exams,Right to Internet as a Fundamental Right,https://www.youtube.com/watch?v=6xsrVY3cpkA&list=PLj61oJGRK5Y51o7d8ItyOYUHSmM2aMp15&index=18
Important Topics for Competitive Exams,Most Important Awards of 2020 | Yearly Awards and Honours Compilation 2019-2020,https://www.youtube.com/watch?v=tdTYmjXZuqE&list=PLj61oJGRK5Y51o7d8ItyOYUHSmM2aMp15&index=19
Important Topics for Competitive Exams,Daughters Right to Property | Vineeta Sharma v. Rakesh Sharma Case Analysis 2020,https://www.youtube.com/watch?v=hDq8Uqo0bqg&list=PLj61oJGRK5Y51o7d8ItyOYUHSmM2aMp15&index=20
Important Topics for Competitive Exams,India`s National Security Laws 2020,https://www.youtube.com/watch?v=Eb9II6xnMzc&list=PLj61oJGRK5Y51o7d8ItyOYUHSmM2aMp15&index=21
Important Topics for Competitive Exams,The Truth about Custodial Violence in India,https://www.youtube.com/watch?v=33ReES81Tnk&list=PLj61oJGRK5Y51o7d8ItyOYUHSmM2aMp15&index=22
Important Topics for Competitive Exams,Quiz on Important Judgments | Landmark and Recent Cases 2019-2020,https://www.youtube.com/watch?v=7zACHrQnWmY&list=PLj61oJGRK5Y51o7d8ItyOYUHSmM2aMp15&index=23
Important Topics for Competitive Exams,Kya hai Lockdown vs. Curfew | 21 day Complete Lockdown | India,https://www.youtube.com/watch?v=VvC-FEjO2yM&list=PLj61oJGRK5Y51o7d8ItyOYUHSmM2aMp15&index=24
Important Topics for Competitive Exams,Should you give CLAT UG? Law as a Career after 12th | CLAT UG 2021,https://www.youtube.com/watch?v=5zqxWRlQ8oU&list=PLj61oJGRK5Y51o7d8ItyOYUHSmM2aMp15&index=25
Important Topics for Competitive Exams,How to file FIR? Section 154 of CRPC | What is FIR EXPLAINED,https://www.youtube.com/watch?v=_8aVFLGjmP8&list=PLj61oJGRK5Y51o7d8ItyOYUHSmM2aMp15&index=26
Important Topics for Competitive Exams,Arnab Goswami Chat Leak and Privacy Policy | How safe its Watsapp Policy Update?,https://www.youtube.com/watch?v=2HRK1tEODgI&list=PLj61oJGRK5Y51o7d8ItyOYUHSmM2aMp15&index=27
Important Topics for Competitive Exams,Tips and Tricks to remember Indian Constitution,https://www.youtube.com/watch?v=3PsH0-mfWzQ&list=PLj61oJGRK5Y51o7d8ItyOYUHSmM2aMp15&index=28
Important Topics for Competitive Exams,Uttarakhand Glacier Burst | What caused the Uttarakhand Flood?,https://www.youtube.com/watch?v=Ei99UcxcnPE&list=PLj61oJGRK5Y51o7d8ItyOYUHSmM2aMp15&index=29
Important Topics for Competitive Exams,World War 1 Explained | What happened during World War 1 | Reasons and Aftermath of WW1,https://www.youtube.com/watch?v=tijQPfaN4sI&list=PLj61oJGRK5Y51o7d8ItyOYUHSmM2aMp15&index=30
Important Topics for Competitive Exams,"Story of World War 2 | Reasons, Impact and Aftermath of WW2",https://www.youtube.com/watch?v=f7W4bKFR4Ng&list=PLj61oJGRK5Y51o7d8ItyOYUHSmM2aMp15&index=31
Important Topics for Competitive Exams,Shabnam Case and Remedies available to Death Penalty | Mercy Petition in India,https://www.youtube.com/watch?v=fV4VXd9IJBo&list=PLj61oJGRK5Y51o7d8ItyOYUHSmM2aMp15&index=32
Important Topics for Competitive Exams,Government Exams/Jobs for a Law Student | Career Options After LLB,https://www.youtube.com/watch?v=GNExywhBDZw&list=PLj61oJGRK5Y51o7d8ItyOYUHSmM2aMp15&index=33
Important Topics for Competitive Exams,Explained: Medical Termination of Pregnancy (Amendment) Bill 2021,https://www.youtube.com/watch?v=jBuTZ90jcRM&list=PLj61oJGRK5Y51o7d8ItyOYUHSmM2aMp15&index=34
Important Topics for Competitive Exams,Jobs Quota for Locals? Reservation in Private Jobs: Explained,https://www.youtube.com/watch?v=D9WM8yDfxRU&list=PLj61oJGRK5Y51o7d8ItyOYUHSmM2aMp15&index=35
Important Topics for Competitive Exams,TOP Exams for Law Students | Exams after LL. B,https://www.youtube.com/watch?v=vH07tUyzmzc&list=PLj61oJGRK5Y51o7d8ItyOYUHSmM2aMp15&index=36
Important Topics for Competitive Exams,"""No Advertisements"" for Lawyers | Bar Council of India Rule 36",https://www.youtube.com/watch?v=lZYN_w3lC9M&list=PLj61oJGRK5Y51o7d8ItyOYUHSmM2aMp15&index=37
Important Topics for Competitive Exams,Important and Controversial Judgments by Chief Justice Bobde | Important Judgments 2021,https://www.youtube.com/watch?v=XCPduJAAtzk&list=PLj61oJGRK5Y51o7d8ItyOYUHSmM2aMp15&index=38
Important Topics for Competitive Exams,Types of VIP Security in India,https://www.youtube.com/watch?v=Dz1EWPn0dKY&list=PLj61oJGRK5Y51o7d8ItyOYUHSmM2aMp15&index=39
Important Topics for Competitive Exams,"Difference between an Act, Bill, Ordinance, Rules, Regulations | Explained",https://www.youtube.com/watch?v=OVFy5r1m5Wo&list=PLj61oJGRK5Y51o7d8ItyOYUHSmM2aMp15&index=40
Important Topics for Competitive Exams,How to Read a Case Citation,https://www.youtube.com/watch?v=lrwgc-Cbd5E&list=PLj61oJGRK5Y51o7d8ItyOYUHSmM2aMp15&index=41
Important Topics for Competitive Exams,Understand Full History of Israel-Palestine: Explained,https://www.youtube.com/watch?v=GL-Rv2Zy8jQ&list=PLj61oJGRK5Y51o7d8ItyOYUHSmM2aMp15&index=42
Important Topics for Competitive Exams,Battle for Jerusalem 2021 | Israel-Palestine Conflict,https://www.youtube.com/watch?v=vnld0iAEXQQ&list=PLj61oJGRK5Y51o7d8ItyOYUHSmM2aMp15&index=43
Important Topics for Competitive Exams,Must Know Cases of 2021 | Top Cases for 2021 Exams,https://www.youtube.com/watch?v=3e1JE9o-wjE&list=PLj61oJGRK5Y51o7d8ItyOYUHSmM2aMp15&index=44
Important Topics for Competitive Exams,August 2021 Monthly Current Affairs | August 2021 | Current Affairs 2021,https://www.youtube.com/watch?v=ls9MUKD0_RA&list=PLj61oJGRK5Y51o7d8ItyOYUHSmM2aMp15&index=45
Important Topics for Competitive Exams,"OBC Act 2021 Explained, 105th Constitutional Amendment Act | Reservation System",https://www.youtube.com/watch?v=l8baX6PtaAA&list=PLj61oJGRK5Y51o7d8ItyOYUHSmM2aMp15&index=46
Important Topics for Competitive Exams,5 Benefits of Bar Council Registration in India | State Bar Council | AIBE,https://www.youtube.com/watch?v=d6l53YFQCMw&list=PLj61oJGRK5Y51o7d8ItyOYUHSmM2aMp15&index=47
Important Topics for Competitive Exams,Understand Supreme Court of India | Indian Constitution | Article 124-147,https://www.youtube.com/watch?v=v-2dyU0ANAs&list=PLj61oJGRK5Y51o7d8ItyOYUHSmM2aMp15&index=48
Important Topics for Competitive Exams,AIBE Exam XVI 2021 | Full Question Paper with Answer Key,https://www.youtube.com/watch?v=fPYMUCrjzdo&list=PLj61oJGRK5Y51o7d8ItyOYUHSmM2aMp15&index=49
Important Topics for Competitive Exams,October 2021 Monthly Current Affairs | October 2021 | Current Affairs 2021,https://www.youtube.com/watch?v=BNNQX_4dNzg&list=PLj61oJGRK5Y51o7d8ItyOYUHSmM2aMp15&index=50
Important Topics for Competitive Exams,Article vs. Section | What is the Difference?,https://www.youtube.com/watch?v=IOOCnxkTjYk&list=PLj61oJGRK5Y51o7d8ItyOYUHSmM2aMp15&index=51
Important Topics for Competitive Exams,Farm Laws are getting REPEALED! Explained with Full Timeline,https://www.youtube.com/watch?v=x87wMtye4Cs&list=PLj61oJGRK5Y51o7d8ItyOYUHSmM2aMp15&index=52
Important Topics for Competitive Exams,IAS v. IPS v. IFS | What is the Difference?,https://www.youtube.com/watch?v=RBfp15_Ralg&list=PLj61oJGRK5Y51o7d8ItyOYUHSmM2aMp15&index=53
Important Topics for Competitive Exams,Rank of Police Officers in India | Indian Police Service | UPSC | State PSC,https://www.youtube.com/watch?v=HCzNNCHEWgo&list=PLj61oJGRK5Y51o7d8ItyOYUHSmM2aMp15&index=54
Important Topics for Competitive Exams,November 2021 Monthly Current Affairs | November 2021 | Current Affairs 2021,https://www.youtube.com/watch?v=hj0CYduxeSA&list=PLj61oJGRK5Y51o7d8ItyOYUHSmM2aMp15&index=55
Important Topics for Competitive Exams,MUST Know Important Laws of India!,https://www.youtube.com/watch?v=K65DEXrR9As&list=PLj61oJGRK5Y51o7d8ItyOYUHSmM2aMp15&index=56
Important Topics for Competitive Exams,Complete Current Affairs 2021 | Top 100 News | All Competitive Exams,https://www.youtube.com/watch?v=1g2IDXaWZys&list=PLj61oJGRK5Y51o7d8ItyOYUHSmM2aMp15&index=57
Important Topics for Competitive Exams,December 2021 Monthly Current Affairs | December 2021 | Current Affairs 2021,https://www.youtube.com/watch?v=94mZSjK-RcQ&list=PLj61oJGRK5Y51o7d8ItyOYUHSmM2aMp15&index=58
Important Topics for Competitive Exams,GK Series on Computer Knowledge | Competitive Exams 2022,https://www.youtube.com/watch?v=IVdrYhkHINE&list=PLj61oJGRK5Y51o7d8ItyOYUHSmM2aMp15&index=59
Important Topics for Competitive Exams,Right to be Forgotten | Important Judgments of 2021 | CLAT | Law Exams,https://www.youtube.com/watch?v=s0BHzbPo45g&list=PLj61oJGRK5Y51o7d8ItyOYUHSmM2aMp15&index=60
Important Topics for Competitive Exams,Skin- to- skin Contact Judgment| Sexual Assault Cases 2021| Important Judgments of 2021,https://www.youtube.com/watch?v=CpQIIlDJuE0&list=PLj61oJGRK5Y51o7d8ItyOYUHSmM2aMp15&index=61
Important Topics for Competitive Exams,Do daughters have right to inherit father's self acquired property? | Important Judgment,https://www.youtube.com/watch?v=eub1KbmRz6I&list=PLj61oJGRK5Y51o7d8ItyOYUHSmM2aMp15&index=62
Important Topics for Competitive Exams,Highest Paying Jobs in India 2022,https://www.youtube.com/watch?v=TJ0uzzOw46c&list=PLj61oJGRK5Y51o7d8ItyOYUHSmM2aMp15&index=63
Important Topics for Competitive Exams,January 2022 | Monthly Current Affairs| Current Affairs 2022,https://www.youtube.com/watch?v=h4h79aOf1K0&list=PLj61oJGRK5Y51o7d8ItyOYUHSmM2aMp15&index=64
Important Topics for Competitive Exams,Trick to Remember Full Fundamental Rights | Indian Constitution,https://www.youtube.com/watch?v=7jG6G-kIzD4&list=PLj61oJGRK5Y51o7d8ItyOYUHSmM2aMp15&index=65
Important Topics for Competitive Exams,Ukraine Russia Crisis | Russia Ukraine conflict explained,https://www.youtube.com/watch?v=ZhSMv-AB-jg&list=PLj61oJGRK5Y51o7d8ItyOYUHSmM2aMp15&index=66
Important Topics for Competitive Exams,May 2022 | Monthly Current Affairs | Competitive Exams,https://www.youtube.com/watch?v=YP1BarGGMX0&list=PLj61oJGRK5Y51o7d8ItyOYUHSmM2aMp15&index=67
Important Topics for Competitive Exams,National Emblem Controversy Row | Why is it so Controversial? | Finology Legal,https://www.youtube.com/watch?v=Xu-KuOLqnd4&list=PLj61oJGRK5Y51o7d8ItyOYUHSmM2aMp15&index=68
Important Topics for Competitive Exams,Facts you didnt know about Presidents | Draupadi Murmu |Presidential Elections 2022,https://www.youtube.com/watch?v=CV1syXmbl-s&list=PLj61oJGRK5Y51o7d8ItyOYUHSmM2aMp15&index=69
Criminal law,"What are these offences? Cognizable, Bailable and Compoundable Offences",https://www.youtube.com/watch?v=pYivG3i1o5E&list=PLj61oJGRK5Y5IaO_z_N5AgRrzwHWQMdZM&index=1
Criminal law,What is Bail? Section 436-439 of CrPC | Procedure for Bail,https://www.youtube.com/watch?v=IR82hUlSM8o&list=PLj61oJGRK5Y5IaO_z_N5AgRrzwHWQMdZM&index=2
Criminal law,Difference between IPC and CrPC | Indian Penal Code and Criminal Procedure Code Difference,https://www.youtube.com/watch?v=dVPedKxq7Sw&list=PLj61oJGRK5Y5IaO_z_N5AgRrzwHWQMdZM&index=3
Criminal law,"Drug Laws & Punishment in India | NDPS Act, 1985 Explained",https://www.youtube.com/watch?v=4Jci5NUeNyY&list=PLj61oJGRK5Y5IaO_z_N5AgRrzwHWQMdZM&index=4
Criminal law,Are Arrest & Custody the Same? | Police Custody v. Judicial Custody | Criminal Law,https://www.youtube.com/watch?v=5_tKpxLrvpw&list=PLj61oJGRK5Y5IaO_z_N5AgRrzwHWQMdZM&index=5
Criminal law,How long is a Life Sentence in India? | IPC | CrPC,https://www.youtube.com/watch?v=_8X3ehj-Y4Q&list=PLj61oJGRK5Y5IaO_z_N5AgRrzwHWQMdZM&index=6
"Article 370, 35A, Jammu and Kashmir",Article 370 & Jammu and Kashmir | Article 35 A,https://www.youtube.com/watch?v=sPELkkD6SWk&list=PLj61oJGRK5Y62p7noIZLJrMSnxZzPxOtm&index=1
"Article 370, 35A, Jammu and Kashmir",Indian Constitution Article 370 and Article 35 A | Jammu and Kashmir,https://www.youtube.com/watch?v=1W1mb83g39E&list=PLj61oJGRK5Y62p7noIZLJrMSnxZzPxOtm&index=2
Indian Penal Code,General Defences IPC | Section 76-106 IPC | Chapter 4 IPC,https://www.youtube.com/watch?v=OZMnJagCjxk&list=PLj61oJGRK5Y4Q010k11hLmt6niMpoVFq1&index=1
Indian Penal Code,Important Recent Cases of 2019-2020 | Major Landmark judgments of 2019 - 2020,https://www.youtube.com/watch?v=NI_K630x6Qo&list=PLj61oJGRK5Y4Q010k11hLmt6niMpoVFq1&index=2
Indian Penal Code,Culpable Homicide and Murder | Indian Penal Code | Section 299 and 300,https://www.youtube.com/watch?v=t2gc-hjdrd0&list=PLj61oJGRK5Y4Q010k11hLmt6niMpoVFq1&index=3
Indian Penal Code,Sedition in India | Sedition Law Explained | Section 124A IPC,https://www.youtube.com/watch?v=kV8OGuVOWGg&list=PLj61oJGRK5Y4Q010k11hLmt6niMpoVFq1&index=4
Indian Penal Code,"What are these offences? Cognizable, Bailable and Compoundable Offences",https://www.youtube.com/watch?v=pYivG3i1o5E&list=PLj61oJGRK5Y4Q010k11hLmt6niMpoVFq1&index=5
Indian Penal Code,How to file FIR? Section 154 of CRPC | What is FIR EXPLAINED,https://www.youtube.com/watch?v=_8aVFLGjmP8&list=PLj61oJGRK5Y4Q010k11hLmt6niMpoVFq1&index=6
Indian Penal Code,What is Bail? Section 436-439 of CrPC | Procedure for Bail,https://www.youtube.com/watch?v=IR82hUlSM8o&list=PLj61oJGRK5Y4Q010k11hLmt6niMpoVFq1&index=7
Indian Penal Code,Difference between IPC and CrPC | Indian Penal Code and Criminal Procedure Code Difference,https://www.youtube.com/watch?v=dVPedKxq7Sw&list=PLj61oJGRK5Y4Q010k11hLmt6niMpoVFq1&index=8
Indian Penal Code,How to Read a Case Citation,https://www.youtube.com/watch?v=lrwgc-Cbd5E&list=PLj61oJGRK5Y4Q010k11hLmt6niMpoVFq1&index=9
Indian Penal Code,Is Marital Rape a Crime in India? | Crime Against Women | IPC,https://www.youtube.com/watch?v=SfI8Y5fxBPY&list=PLj61oJGRK5Y4Q010k11hLmt6niMpoVFq1&index=10
Indian Penal Code,How long is a Life Sentence in India? | IPC | CrPC,https://www.youtube.com/watch?v=_8X3ehj-Y4Q&list=PLj61oJGRK5Y4Q010k11hLmt6niMpoVFq1&index=11
Recent Topics India,Article 370 & Jammu and Kashmir | Article 35 A,https://www.youtube.com/watch?v=sPELkkD6SWk&list=PLj61oJGRK5Y6mm08y9hvwZ4P6LFsFIgUJ&index=1
Recent Topics India,What is Triple Talaq | Triple Talaq Bill In Hindi | with Shayara Bano Case Analysis,https://www.youtube.com/watch?v=Id5lY5ce53w&list=PLj61oJGRK5Y6mm08y9hvwZ4P6LFsFIgUJ&index=2
Recent Topics India,Indian Constitution Article 370 and Article 35 A | Jammu and Kashmir,https://www.youtube.com/watch?v=1W1mb83g39E&list=PLj61oJGRK5Y6mm08y9hvwZ4P6LFsFIgUJ&index=3
Recent Topics India,How was India Formed | Princely States and Jammu and Kashmir,https://www.youtube.com/watch?v=FQgzbT9yaaw&list=PLj61oJGRK5Y6mm08y9hvwZ4P6LFsFIgUJ&index=4
Recent Topics India,Ayodhya Verdict: Highlights of Ram Mandir - Babri Masjid Case | 2019 Supreme Court Judgment,https://www.youtube.com/watch?v=7r7pT5fddEw&list=PLj61oJGRK5Y6mm08y9hvwZ4P6LFsFIgUJ&index=5
Recent Topics India,President Rule in Maharashtra : Article 356 President Rule and State Emergency,https://www.youtube.com/watch?v=kMf1bMtY-30&list=PLj61oJGRK5Y6mm08y9hvwZ4P6LFsFIgUJ&index=6
Recent Topics India,This Women’s Day!,https://www.youtube.com/watch?v=JfK-8r_nNbA&list=PLj61oJGRK5Y6mm08y9hvwZ4P6LFsFIgUJ&index=7
Recent Topics India,This Women’s Day!,https://www.youtube.com/watch?v=JfK-8r_nNbA&list=PLj61oJGRK5Y6mm08y9hvwZ4P6LFsFIgUJ&index=8
Recent Topics India,Kya hai Lockdown vs. Curfew | 21 day Complete Lockdown | India,https://www.youtube.com/watch?v=VvC-FEjO2yM&list=PLj61oJGRK5Y6mm08y9hvwZ4P6LFsFIgUJ&index=9
Recent Topics India,Recession in India | What is Financial Emergency? | Article 360 | Indian Constitution,https://www.youtube.com/watch?v=Qxu4NFCfSug&list=PLj61oJGRK5Y6mm08y9hvwZ4P6LFsFIgUJ&index=10
Recent Topics India,CLAT PG 2020 Strategy and Sample Paper Overview | LLM Entrance Exam 2020,https://www.youtube.com/watch?v=LZbzH-iygO0&list=PLj61oJGRK5Y6mm08y9hvwZ4P6LFsFIgUJ&index=11
Recent Topics India,PM CARES Fund and RTI | Why is PM CARES Fund not covered under RTI?,https://www.youtube.com/watch?v=XAB9TYyC7_c&list=PLj61oJGRK5Y6mm08y9hvwZ4P6LFsFIgUJ&index=12
Recent Topics India,Digital Strike - India v. China,https://www.youtube.com/watch?v=wMNwmvp__UE&list=PLj61oJGRK5Y6mm08y9hvwZ4P6LFsFIgUJ&index=13
Recent Topics India,New Education Policy 2020 | NEP 2020,https://www.youtube.com/watch?v=BIJBveGlgo0&list=PLj61oJGRK5Y6mm08y9hvwZ4P6LFsFIgUJ&index=14
Recent Topics India,The Truth about Custodial Violence in India,https://www.youtube.com/watch?v=33ReES81Tnk&list=PLj61oJGRK5Y6mm08y9hvwZ4P6LFsFIgUJ&index=15
Recent Topics India,Right to Internet as a Fundamental Right,https://www.youtube.com/watch?v=6xsrVY3cpkA&list=PLj61oJGRK5Y6mm08y9hvwZ4P6LFsFIgUJ&index=16
Recent Topics India,What is UAPA Act | Unlawful Activities Prevention Act | 2019 Amendment Act,https://www.youtube.com/watch?v=1fPMyvpbvbA&list=PLj61oJGRK5Y6mm08y9hvwZ4P6LFsFIgUJ&index=17
Recent Topics India,Eggless Moist Chocolate Cake Recipe,https://www.youtube.com/watch?v=zZeTw81D-A8&list=PLj61oJGRK5Y6mm08y9hvwZ4P6LFsFIgUJ&index=18
Recent Topics India,What’s Wrong with FARM BILLS?,https://www.youtube.com/watch?v=9LiBpmhpLck&list=PLj61oJGRK5Y6mm08y9hvwZ4P6LFsFIgUJ&index=19
Recent Topics India,How To Make Cake In Pressure Cooker | Chocolate Cake Recipe | Ruchi's Kitchen,https://www.youtube.com/watch?v=vHOOl4s_cgo&list=PLj61oJGRK5Y6mm08y9hvwZ4P6LFsFIgUJ&index=20
Recent Topics India,वेज मंचूरियन बनाने की विधि - vegetable dry restaurant cabbage manchurian recipe cookingshooking,https://www.youtube.com/watch?v=g_JxqBLz4lo&list=PLj61oJGRK5Y6mm08y9hvwZ4P6LFsFIgUJ&index=21
Recent Topics India,3 New Labour Codes | Labour Law Reforms,https://www.youtube.com/watch?v=kQZ_vjgSUDg&list=PLj61oJGRK5Y6mm08y9hvwZ4P6LFsFIgUJ&index=22
Recent Topics India,Remix Songs vs. Copyright Laws in India | Copyright and Music Industry,https://www.youtube.com/watch?v=L-hCJmTXUq0&list=PLj61oJGRK5Y6mm08y9hvwZ4P6LFsFIgUJ&index=23
Recent Topics India,"Gambling, Betting and Fantasy Sports - Are they Legal in India?",https://www.youtube.com/watch?v=7bWvJyPaJzo&list=PLj61oJGRK5Y6mm08y9hvwZ4P6LFsFIgUJ&index=24
Recent Topics India,Are Bitcoins Safe and Legal in India? | What is Bitcoin - Explained,https://www.youtube.com/watch?v=Zps5H3-rsNo&list=PLj61oJGRK5Y6mm08y9hvwZ4P6LFsFIgUJ&index=25
Recent Topics India,India vs. USA Elections | Which one is better? | Presidential v. Parliamentary form of Government,https://www.youtube.com/watch?v=OjF7-HZc_Cs&list=PLj61oJGRK5Y6mm08y9hvwZ4P6LFsFIgUJ&index=26
Recent Topics India,Why Arnab Goswami was Arrested and Why Supreme Court granted Bail,https://www.youtube.com/watch?v=aAMW4VAur1s&list=PLj61oJGRK5Y6mm08y9hvwZ4P6LFsFIgUJ&index=27
Recent Topics India,Amazon vs. Reliance: Why are they at War? | Future Retail Deal,https://www.youtube.com/watch?v=cE5_y23MRFM&list=PLj61oJGRK5Y6mm08y9hvwZ4P6LFsFIgUJ&index=28
Recent Topics India,Anti Conversion Law - Is changing your Religion Illegal?,https://www.youtube.com/watch?v=7CqU20-by68&list=PLj61oJGRK5Y6mm08y9hvwZ4P6LFsFIgUJ&index=29
Recent Topics India,Did India leave because of China? RCEP - World`s Biggest Trade Agreement,https://www.youtube.com/watch?v=JvRsSjW3gMM&list=PLj61oJGRK5Y6mm08y9hvwZ4P6LFsFIgUJ&index=30
Recent Topics India,Comedy and Contempt of Court in India | Freedom of Speech and Personal Liberty | Kunal Kamra,https://www.youtube.com/watch?v=QE2x15yWy8w&list=PLj61oJGRK5Y6mm08y9hvwZ4P6LFsFIgUJ&index=31
Recent Topics India,One Nation One Election- Explained!,https://www.youtube.com/watch?v=KzLj5FuOvos&list=PLj61oJGRK5Y6mm08y9hvwZ4P6LFsFIgUJ&index=32
Recent Topics India,Increasing Legal Age of Marriage for Girls in India - Yes or No?,https://www.youtube.com/watch?v=UMRCIbWVeOM&list=PLj61oJGRK5Y6mm08y9hvwZ4P6LFsFIgUJ&index=33
Recent Topics India,Why do Private Banks fail in India? | Recent Bank Failures in India,https://www.youtube.com/watch?v=jW0Gz5Zb-1Y&list=PLj61oJGRK5Y6mm08y9hvwZ4P6LFsFIgUJ&index=34
Recent Topics India,How India will distribute COVID-19 Vaccine | Who will get the first dose of the Vaccine?,https://www.youtube.com/watch?v=agPjwXjZUL4&list=PLj61oJGRK5Y6mm08y9hvwZ4P6LFsFIgUJ&index=35
Recent Topics India,Most Important Awards of 2020 | Current Affairs Yearly Compilation 2020 | CLAT UG 2021,https://www.youtube.com/watch?v=hl0SYKsD_SQ&list=PLj61oJGRK5Y6mm08y9hvwZ4P6LFsFIgUJ&index=36
Recent Topics India,Will Facebook lose Instagram and WhatsApp? | Lawsuits against Tech Giants for Abuse of Monopoly,https://www.youtube.com/watch?v=Vtmf9zhg9Rk&list=PLj61oJGRK5Y6mm08y9hvwZ4P6LFsFIgUJ&index=37
Recent Topics India,Most Important Rankings of 2020 | Current Affairs Yearly Compilation 2020 | CLAT UG 2021,https://www.youtube.com/watch?v=09lLGIlK_Y0&list=PLj61oJGRK5Y6mm08y9hvwZ4P6LFsFIgUJ&index=38
Recent Topics India,10 Important Laws everyone should know | Commons Rights of Every Indian,https://www.youtube.com/watch?v=JmhUGEEpq_E&list=PLj61oJGRK5Y6mm08y9hvwZ4P6LFsFIgUJ&index=39
Recent Topics India,Arnab Goswami Chat Leak and Privacy Policy | How safe its Watsapp Policy Update?,https://www.youtube.com/watch?v=2HRK1tEODgI&list=PLj61oJGRK5Y6mm08y9hvwZ4P6LFsFIgUJ&index=40
Recent Topics India,"5 Controversial Web Series and OTT Censorship - Tandav, Mirzapur 2, Paatal Lok, etc.",https://www.youtube.com/watch?v=_7eyLytm0Uo&list=PLj61oJGRK5Y6mm08y9hvwZ4P6LFsFIgUJ&index=41
Recent Topics India,Myanmar Coup | What is happening and Why? What is a Coup?,https://www.youtube.com/watch?v=eWja-rmuJcM&list=PLj61oJGRK5Y6mm08y9hvwZ4P6LFsFIgUJ&index=42
Recent Topics India,Uttarakhand Glacier Burst | What caused the Uttarakhand Flood?,https://www.youtube.com/watch?v=Ei99UcxcnPE&list=PLj61oJGRK5Y6mm08y9hvwZ4P6LFsFIgUJ&index=43
Recent Topics India,Main Reasons for Farmers Protest #Short,https://www.youtube.com/watch?v=GdYVvqjkm8k&list=PLj61oJGRK5Y6mm08y9hvwZ4P6LFsFIgUJ&index=44
Recent Topics India,What is Toolkit Case and Who is Disha Ravi?,https://www.youtube.com/watch?v=DnLPHoWhp7U&list=PLj61oJGRK5Y6mm08y9hvwZ4P6LFsFIgUJ&index=45
Recent Topics India,Priya Ramani v. MJ Akbar Case | Defamation Case | India`s #Metoo Movement,https://www.youtube.com/watch?v=EBvIAvoIfQw&list=PLj61oJGRK5Y6mm08y9hvwZ4P6LFsFIgUJ&index=46
Recent Topics India,Jobs Quota for Locals? Reservation in Private Jobs: Explained,https://www.youtube.com/watch?v=D9WM8yDfxRU&list=PLj61oJGRK5Y6mm08y9hvwZ4P6LFsFIgUJ&index=47
Recent Topics India,Powers of a Lt. Governor: National Capital Territory of Delhi (Amendment) Bill 2021,https://www.youtube.com/watch?v=DDw5Uo5B6Pw&list=PLj61oJGRK5Y6mm08y9hvwZ4P6LFsFIgUJ&index=48
Recent Topics India,"Everything about Right to Information Act, 2005 | 2019 Amendment | How to File RTI?",https://www.youtube.com/watch?v=d24o_s9ryis&list=PLj61oJGRK5Y6mm08y9hvwZ4P6LFsFIgUJ&index=49
Recent Topics India,"What is the difference Between Lawyer, Advocate, Barrister, Attorney and more!",https://www.youtube.com/watch?v=iCRyBQfwOwo&list=PLj61oJGRK5Y6mm08y9hvwZ4P6LFsFIgUJ&index=50
Recent Topics India,Important and Controversial Judgments by Chief Justice Bobde | Important Judgments 2021,https://www.youtube.com/watch?v=XCPduJAAtzk&list=PLj61oJGRK5Y6mm08y9hvwZ4P6LFsFIgUJ&index=51
Recent Topics India,Types of VIP Security in India,https://www.youtube.com/watch?v=Dz1EWPn0dKY&list=PLj61oJGRK5Y6mm08y9hvwZ4P6LFsFIgUJ&index=52
Recent Topics India,Understand Full History of Israel-Palestine: Explained,https://www.youtube.com/watch?v=GL-Rv2Zy8jQ&list=PLj61oJGRK5Y6mm08y9hvwZ4P6LFsFIgUJ&index=53
Recent Topics India,Battle for Jerusalem 2021 | Israel-Palestine Conflict,https://www.youtube.com/watch?v=vnld0iAEXQQ&list=PLj61oJGRK5Y6mm08y9hvwZ4P6LFsFIgUJ&index=54
Recent Topics India,Must Know Cases of 2021 | Top Cases for 2021 Exams,https://www.youtube.com/watch?v=3e1JE9o-wjE&list=PLj61oJGRK5Y6mm08y9hvwZ4P6LFsFIgUJ&index=55
Recent Topics India,August 2021 Monthly Current Affairs | August 2021 | Current Affairs 2021,https://www.youtube.com/watch?v=ls9MUKD0_RA&list=PLj61oJGRK5Y6mm08y9hvwZ4P6LFsFIgUJ&index=56
Recent Topics India,How to become a Lawyer and Advocate | Career in Law,https://www.youtube.com/watch?v=dLG_HBfmguU&list=PLj61oJGRK5Y6mm08y9hvwZ4P6LFsFIgUJ&index=57
Recent Topics India,5 Benefits of Bar Council Registration in India | State Bar Council | AIBE,https://www.youtube.com/watch?v=d6l53YFQCMw&list=PLj61oJGRK5Y6mm08y9hvwZ4P6LFsFIgUJ&index=58
Recent Topics India,Is Marital Rape a Crime in India? | Crime Against Women | IPC,https://www.youtube.com/watch?v=SfI8Y5fxBPY&list=PLj61oJGRK5Y6mm08y9hvwZ4P6LFsFIgUJ&index=59
Recent Topics India,October 2021 Monthly Current Affairs | October 2021 | Current Affairs 2021,https://www.youtube.com/watch?v=BNNQX_4dNzg&list=PLj61oJGRK5Y6mm08y9hvwZ4P6LFsFIgUJ&index=60
Recent Topics India,MUST Know Important Laws of India!,https://www.youtube.com/watch?v=K65DEXrR9As&list=PLj61oJGRK5Y6mm08y9hvwZ4P6LFsFIgUJ&index=61
Recent Topics India,Complete Current Affairs 2021 | Top 100 News | All Competitive Exams,https://www.youtube.com/watch?v=1g2IDXaWZys&list=PLj61oJGRK5Y6mm08y9hvwZ4P6LFsFIgUJ&index=62
Recent Topics India,Right to be Forgotten | Important Judgments of 2021 | CLAT | Law Exams,https://www.youtube.com/watch?v=s0BHzbPo45g&list=PLj61oJGRK5Y6mm08y9hvwZ4P6LFsFIgUJ&index=63
Recent Topics India,Do daughters have right to inherit father's self acquired property? | Important Judgment,https://www.youtube.com/watch?v=eub1KbmRz6I&list=PLj61oJGRK5Y6mm08y9hvwZ4P6LFsFIgUJ&index=64
Recent Topics India,Highest Paying Jobs in India 2022,https://www.youtube.com/watch?v=TJ0uzzOw46c&list=PLj61oJGRK5Y6mm08y9hvwZ4P6LFsFIgUJ&index=65
Recent Topics India,Ukraine Russia Crisis | Russia Ukraine conflict explained,https://www.youtube.com/watch?v=ZhSMv-AB-jg&list=PLj61oJGRK5Y6mm08y9hvwZ4P6LFsFIgUJ&index=66
Recent Topics India,4.5 crore cases are pending in India! But why?,https://www.youtube.com/watch?v=XqFHSEnOq0E&list=PLj61oJGRK5Y6mm08y9hvwZ4P6LFsFIgUJ&index=67
Recent Topics India,Most Important Current Affairs for Law Entrance Exams 2022 | CLAT | AILET | DU LLB,https://www.youtube.com/watch?v=M3O6bW8dDFE&list=PLj61oJGRK5Y6mm08y9hvwZ4P6LFsFIgUJ&index=68
Recent Topics India,Agnipath Scheme Explained | Why are Students protesting?,https://www.youtube.com/watch?v=PqrYIkmsGRQ&list=PLj61oJGRK5Y6mm08y9hvwZ4P6LFsFIgUJ&index=69
Recent Topics India,National Emblem Controversy Row | Why is it so Controversial? | Finology Legal,https://www.youtube.com/watch?v=Xu-KuOLqnd4&list=PLj61oJGRK5Y6mm08y9hvwZ4P6LFsFIgUJ&index=70
Recent Topics India,Facts you didnt know about Presidents | Draupadi Murmu |Presidential Elections 2022,https://www.youtube.com/watch?v=CV1syXmbl-s&list=PLj61oJGRK5Y6mm08y9hvwZ4P6LFsFIgUJ&index=71
Company Law,Theory of Corporate Personality | Company Law | Cases Saloman v. Saloman | Lee v. Lee,https://www.youtube.com/watch?v=R8qDU3XEiPQ&list=PLj61oJGRK5Y7cmvE2hdS4t_PC-oCCrp3Y&index=1
Company Law,Certificate Course on Company Law,https://www.youtube.com/watch?v=uBgJjIHaxc8&list=PLj61oJGRK5Y7cmvE2hdS4t_PC-oCCrp3Y&index=2
Company Law,Satyam Scam Explained | Satyam Fraud Case Study,https://www.youtube.com/watch?v=vPiOOJOFvyI&list=PLj61oJGRK5Y7cmvE2hdS4t_PC-oCCrp3Y&index=3
Indian Contract Act,Indian Contract Act | Part 1,https://www.youtube.com/watch?v=t96A1DrsZTw&list=PLj61oJGRK5Y64IDSA6LuVKG9pkVeGpXe7&index=1
Indian Contract Act,5 Important Cases of Indian Contract Act 1872 | Part 1,https://www.youtube.com/watch?v=XJIWnL81cEI&list=PLj61oJGRK5Y64IDSA6LuVKG9pkVeGpXe7&index=2
Indian Contract Act,5 Important Cases of Indian Contract Act 1872 | Part 2,https://www.youtube.com/watch?v=PAB5JG_NHzM&list=PLj61oJGRK5Y64IDSA6LuVKG9pkVeGpXe7&index=3
Indian Constitution / Polity,5 Types of Writs | Constitutional Remedies | Article 32 and Article 226,https://www.youtube.com/watch?v=3cG-0QeRF3o&list=PLj61oJGRK5Y6g4YKFohKiEpHeGXdNuC5p&index=1
Indian Constitution / Polity,Indian Constitution Article 370 and Article 35 A | Jammu and Kashmir,https://www.youtube.com/watch?v=1W1mb83g39E&list=PLj61oJGRK5Y6g4YKFohKiEpHeGXdNuC5p&index=2
Indian Constitution / Polity,Election Commission of India | निर्वाचन आयोग | Indian Constitution | Indian Polity,https://www.youtube.com/watch?v=nRLxBQfnZOU&list=PLj61oJGRK5Y6g4YKFohKiEpHeGXdNuC5p&index=3
Indian Constitution / Polity,Centre-State Relations | Article 245 - 255 of the Indian Constitution | Legislative Relations,https://www.youtube.com/watch?v=jN_IVXQr3DQ&list=PLj61oJGRK5Y6g4YKFohKiEpHeGXdNuC5p&index=4
Indian Constitution / Polity,My Course on Constitution of India | Indian Polity,https://www.youtube.com/watch?v=w2AEhTShLrE&list=PLj61oJGRK5Y6g4YKFohKiEpHeGXdNuC5p&index=5
Indian Constitution / Polity,Landmark Cases on Constitution | Indian Polity Important Cases | 2019,https://www.youtube.com/watch?v=xrB3-8iac7U&list=PLj61oJGRK5Y6g4YKFohKiEpHeGXdNuC5p&index=6
Indian Constitution / Polity,Important Recent Cases of 2018-2019 | Major judgments of 2018 - 2019,https://www.youtube.com/watch?v=jdWkRmXWpGA&list=PLj61oJGRK5Y6g4YKFohKiEpHeGXdNuC5p&index=7
Indian Constitution / Polity,President Rule in Maharashtra : Article 356 President Rule and State Emergency,https://www.youtube.com/watch?v=kMf1bMtY-30&list=PLj61oJGRK5Y6g4YKFohKiEpHeGXdNuC5p&index=8
Indian Constitution / Polity,Important Constitutional Amendments | Indian Polity | Major Amendments of Indian Constitution,https://www.youtube.com/watch?v=WDcAh2vfsdc&list=PLj61oJGRK5Y6g4YKFohKiEpHeGXdNuC5p&index=9
Indian Constitution / Polity,Major Landmark Cases of Supreme Court 2018 | Latest Judgements of 2018,https://www.youtube.com/watch?v=ugK6FS_N-vo&list=PLj61oJGRK5Y6g4YKFohKiEpHeGXdNuC5p&index=10
Indian Constitution / Polity,Article 22 | Indian Constitution | Protection from Arrest and Detention,https://www.youtube.com/watch?v=L8rrdFCt4t4&list=PLj61oJGRK5Y6g4YKFohKiEpHeGXdNuC5p&index=11
Indian Constitution / Polity,Article 21 of the Indian Constitution | With Important Case Laws In Hindi,https://www.youtube.com/watch?v=0JEyG1V_OL8&list=PLj61oJGRK5Y6g4YKFohKiEpHeGXdNuC5p&index=12
Indian Constitution / Polity,Article 20 of the Indian Constitution | Indian Constitution in Hindi,https://www.youtube.com/watch?v=dOhygb94aYU&list=PLj61oJGRK5Y6g4YKFohKiEpHeGXdNuC5p&index=13
Indian Constitution / Polity,Article 19 Of Indian Constitution | In Hindi,https://www.youtube.com/watch?v=sY5koIrpHrw&list=PLj61oJGRK5Y6g4YKFohKiEpHeGXdNuC5p&index=14
Indian Constitution / Polity,Article 16 Fundamental Right in Hindi | Constitution of India,https://www.youtube.com/watch?v=wvgEFRJ02dE&list=PLj61oJGRK5Y6g4YKFohKiEpHeGXdNuC5p&index=15
Indian Constitution / Polity,Article 15 Indian Constitution | In Hindi | Important Case Laws,https://www.youtube.com/watch?v=S1i06Jm2Kz4&list=PLj61oJGRK5Y6g4YKFohKiEpHeGXdNuC5p&index=16
Indian Constitution / Polity,Article 14 Fundamental Right Indian Constitution | With Case Laws | 14(1) & 14(2),https://www.youtube.com/watch?v=YEAoixRez_Q&list=PLj61oJGRK5Y6g4YKFohKiEpHeGXdNuC5p&index=17
Indian Constitution / Polity,Article 13 of Indian Constitution | With Important Case Laws | Indian Polity,https://www.youtube.com/watch?v=mZ9pNndZcUs&list=PLj61oJGRK5Y6g4YKFohKiEpHeGXdNuC5p&index=18
Indian Constitution / Polity,Article 12 | Meaning of State in Indian Constitution | Case Laws,https://www.youtube.com/watch?v=KfaM_kopdx0&list=PLj61oJGRK5Y6g4YKFohKiEpHeGXdNuC5p&index=19
Indian Constitution / Polity,Basic Structure of Indian Constitution | In 7 Steps | Indian Polity,https://www.youtube.com/watch?v=Ri-EiseLQBs&list=PLj61oJGRK5Y6g4YKFohKiEpHeGXdNuC5p&index=20
Indian Constitution / Polity,Important Legal Gk 2019 | CLAT UG,https://www.youtube.com/watch?v=opC5XbRVGeE&list=PLj61oJGRK5Y6g4YKFohKiEpHeGXdNuC5p&index=21
Indian Constitution / Polity,Sources of Indian Constitution | Indian Polity,https://www.youtube.com/watch?v=f9bsEZ3XMG4&list=PLj61oJGRK5Y6g4YKFohKiEpHeGXdNuC5p&index=22
Indian Constitution / Polity,Article 370 & Jammu and Kashmir | Article 35 A,https://www.youtube.com/watch?v=sPELkkD6SWk&list=PLj61oJGRK5Y6g4YKFohKiEpHeGXdNuC5p&index=23
Indian Constitution / Polity,What is Triple Talaq | Triple Talaq Bill In Hindi | with Shayara Bano Case Analysis,https://www.youtube.com/watch?v=Id5lY5ce53w&list=PLj61oJGRK5Y6g4YKFohKiEpHeGXdNuC5p&index=24
Indian Constitution / Polity,How was India Formed | Princely States and Jammu and Kashmir,https://www.youtube.com/watch?v=FQgzbT9yaaw&list=PLj61oJGRK5Y6g4YKFohKiEpHeGXdNuC5p&index=25
Indian Constitution / Polity,Ayodhya Verdict: Highlights of Ram Mandir - Babri Masjid Case | 2019 Supreme Court Judgment,https://www.youtube.com/watch?v=7r7pT5fddEw&list=PLj61oJGRK5Y6g4YKFohKiEpHeGXdNuC5p&index=26
Indian Constitution / Polity,Fundamental Duties in Indian Constitution | Part IV A - Article 51A | Indian Polity,https://www.youtube.com/watch?v=o2r_y9LAgpo&list=PLj61oJGRK5Y6g4YKFohKiEpHeGXdNuC5p&index=27
Indian Constitution / Polity,Important MCQs on Fundamental Duties | Indian Constitution,https://www.youtube.com/watch?v=841BWCyNsec&list=PLj61oJGRK5Y6g4YKFohKiEpHeGXdNuC5p&index=28
Indian Constitution / Polity,This Women’s Day!,https://www.youtube.com/watch?v=JfK-8r_nNbA&list=PLj61oJGRK5Y6g4YKFohKiEpHeGXdNuC5p&index=29
Indian Constitution / Polity,This Women’s Day!,https://www.youtube.com/watch?v=JfK-8r_nNbA&list=PLj61oJGRK5Y6g4YKFohKiEpHeGXdNuC5p&index=30
Indian Constitution / Polity,Recession in India | What is Financial Emergency? | Article 360 | Indian Constitution,https://www.youtube.com/watch?v=Qxu4NFCfSug&list=PLj61oJGRK5Y6g4YKFohKiEpHeGXdNuC5p&index=31
Indian Constitution / Polity,CLAT PG 2020 Strategy and Sample Paper Overview | LLM Entrance Exam 2020,https://www.youtube.com/watch?v=LZbzH-iygO0&list=PLj61oJGRK5Y6g4YKFohKiEpHeGXdNuC5p&index=32
Indian Constitution / Polity,Preamble of Indian Constitution | Importance of Preamble Indian Polity,https://www.youtube.com/watch?v=LYHAy68pQWA&list=PLj61oJGRK5Y6g4YKFohKiEpHeGXdNuC5p&index=33
Indian Constitution / Polity,"Should you do an LL.M. after LL.B.? | Ft. Prof. Sidharth Chauhan, NALSAR | Everything about LL.M.",https://www.youtube.com/watch?v=pj9ljOU0bXc&list=PLj61oJGRK5Y6g4YKFohKiEpHeGXdNuC5p&index=34
Indian Constitution / Polity,"Should you do an LL.M. after LL.B.? | Ft. Prof. Sidharth Chauhan, NALSAR | Everything about LL.M.",https://www.youtube.com/watch?v=pj9ljOU0bXc&list=PLj61oJGRK5Y6g4YKFohKiEpHeGXdNuC5p&index=35
Indian Constitution / Polity,"Should you do an LL.M. after LL.B.? | Ft. Prof. Sidharth Chauhan, NALSAR | Everything about LL.M.",https://www.youtube.com/watch?v=pj9ljOU0bXc&list=PLj61oJGRK5Y6g4YKFohKiEpHeGXdNuC5p&index=36
Indian Constitution / Polity,"3 Important Investigating Agencies - CBI, ED, NCB",https://www.youtube.com/watch?v=vKuE-YtktuM&list=PLj61oJGRK5Y6g4YKFohKiEpHeGXdNuC5p&index=37
Indian Constitution / Polity,Do we have a Right to Privacy in India? | Indian Constitution Important Cases | Fundamental Right,https://www.youtube.com/watch?v=vca6MlZ3n9k&list=PLj61oJGRK5Y6g4YKFohKiEpHeGXdNuC5p&index=38
Indian Constitution / Polity,Indian Polity - Historical Background | Chapter 1 Indian Constitution,https://www.youtube.com/watch?v=WuS_wbPix84&list=PLj61oJGRK5Y6g4YKFohKiEpHeGXdNuC5p&index=39
Indian Constitution / Polity,Basic Structure Doctrine Indian Constitution - Part 1 | Indian Polity,https://www.youtube.com/watch?v=yVp5QZQzYH0&list=PLj61oJGRK5Y6g4YKFohKiEpHeGXdNuC5p&index=40
Indian Constitution / Polity,Basic Structure Doctrine Indian Constitution - Part 2 | Indian Polity,https://www.youtube.com/watch?v=O5uNY7_CxTg&list=PLj61oJGRK5Y6g4YKFohKiEpHeGXdNuC5p&index=41
Indian Constitution / Polity,One Nation One Election- Explained!,https://www.youtube.com/watch?v=KzLj5FuOvos&list=PLj61oJGRK5Y6g4YKFohKiEpHeGXdNuC5p&index=42
Indian Constitution / Polity,Right to Protest under Indian Constitution: Is it a Fundamental Right?,https://www.youtube.com/watch?v=oDzdknlxcms&list=PLj61oJGRK5Y6g4YKFohKiEpHeGXdNuC5p&index=43
Indian Constitution / Polity,Should you give CLAT UG? Law as a Career after 12th | CLAT UG 2021,https://www.youtube.com/watch?v=5zqxWRlQ8oU&list=PLj61oJGRK5Y6g4YKFohKiEpHeGXdNuC5p&index=44
Indian Constitution / Polity,Tips and Tricks to remember Indian Constitution,https://www.youtube.com/watch?v=3PsH0-mfWzQ&list=PLj61oJGRK5Y6g4YKFohKiEpHeGXdNuC5p&index=45
Indian Constitution / Polity,Kesavananda Bharati v. State of Kerala | Most important case of Indian Constitution,https://www.youtube.com/watch?v=skR6Z6TwdcM&list=PLj61oJGRK5Y6g4YKFohKiEpHeGXdNuC5p&index=46
Indian Constitution / Polity,"Everything about Right to Information Act, 2005 | 2019 Amendment | How to File RTI?",https://www.youtube.com/watch?v=d24o_s9ryis&list=PLj61oJGRK5Y6g4YKFohKiEpHeGXdNuC5p&index=47
Indian Constitution / Polity,"""No Advertisements"" for Lawyers | Bar Council of India Rule 36",https://www.youtube.com/watch?v=lZYN_w3lC9M&list=PLj61oJGRK5Y6g4YKFohKiEpHeGXdNuC5p&index=48
Indian Constitution / Polity,Important and Controversial Judgments by Chief Justice Bobde | Important Judgments 2021,https://www.youtube.com/watch?v=XCPduJAAtzk&list=PLj61oJGRK5Y6g4YKFohKiEpHeGXdNuC5p&index=49
Indian Constitution / Polity,"Difference between an Act, Bill, Ordinance, Rules, Regulations | Explained",https://www.youtube.com/watch?v=OVFy5r1m5Wo&list=PLj61oJGRK5Y6g4YKFohKiEpHeGXdNuC5p&index=50
Indian Constitution / Polity,Understand Full History of Israel-Palestine: Explained,https://www.youtube.com/watch?v=GL-Rv2Zy8jQ&list=PLj61oJGRK5Y6g4YKFohKiEpHeGXdNuC5p&index=51
Indian Constitution / Polity,Evolution and History of Civil Services in India | UPSC Exam in India,https://www.youtube.com/watch?v=BrWo8EHL8Is&list=PLj61oJGRK5Y6g4YKFohKiEpHeGXdNuC5p&index=52
Indian Constitution / Polity,Must Know Cases of 2021 | Top Cases for 2021 Exams,https://www.youtube.com/watch?v=3e1JE9o-wjE&list=PLj61oJGRK5Y6g4YKFohKiEpHeGXdNuC5p&index=53
Indian Constitution / Polity,"OBC Act 2021 Explained, 105th Constitutional Amendment Act | Reservation System",https://www.youtube.com/watch?v=l8baX6PtaAA&list=PLj61oJGRK5Y6g4YKFohKiEpHeGXdNuC5p&index=54
Indian Constitution / Polity,Understand Supreme Court of India | Indian Constitution | Article 124-147,https://www.youtube.com/watch?v=v-2dyU0ANAs&list=PLj61oJGRK5Y6g4YKFohKiEpHeGXdNuC5p&index=55
Indian Constitution / Polity,IAS v. IPS v. IFS | What is the Difference?,https://www.youtube.com/watch?v=RBfp15_Ralg&list=PLj61oJGRK5Y6g4YKFohKiEpHeGXdNuC5p&index=56
Indian Constitution / Polity,Rank of Police Officers in India | Indian Police Service | UPSC | State PSC,https://www.youtube.com/watch?v=HCzNNCHEWgo&list=PLj61oJGRK5Y6g4YKFohKiEpHeGXdNuC5p&index=57
Indian Constitution / Polity,Interesting Unknown Facts about Indian Constitution | Constitution Day,https://www.youtube.com/watch?v=uLszt_XrjhY&list=PLj61oJGRK5Y6g4YKFohKiEpHeGXdNuC5p&index=58
Indian Constitution / Polity,Right to be Forgotten | Important Judgments of 2021 | CLAT | Law Exams,https://www.youtube.com/watch?v=s0BHzbPo45g&list=PLj61oJGRK5Y6g4YKFohKiEpHeGXdNuC5p&index=59
Indian Constitution / Polity,Skin- to- skin Contact Judgment| Sexual Assault Cases 2021| Important Judgments of 2021,https://www.youtube.com/watch?v=CpQIIlDJuE0&list=PLj61oJGRK5Y6g4YKFohKiEpHeGXdNuC5p&index=60
Indian Constitution / Polity,UOI v. KA Najeeb | Important Cases of 2021,https://www.youtube.com/watch?v=HIc-m9Jylwo&list=PLj61oJGRK5Y6g4YKFohKiEpHeGXdNuC5p&index=61
Indian Constitution / Polity,Trick to Remember Full Fundamental Rights | Indian Constitution,https://www.youtube.com/watch?v=7jG6G-kIzD4&list=PLj61oJGRK5Y6g4YKFohKiEpHeGXdNuC5p&index=62
Current Affairs,Top Current Affair 2018 | (January - December) Trending Topics 2018,https://www.youtube.com/watch?v=y9KqcpyTw6k&list=PLj61oJGRK5Y78A5WVOdR_398d9DfsOA7N&index=1
Current Affairs,Major Landmark Cases of Supreme Court 2018 | Latest Judgements of 2018,https://www.youtube.com/watch?v=ugK6FS_N-vo&list=PLj61oJGRK5Y78A5WVOdR_398d9DfsOA7N&index=2
Current Affairs,January 2019 Current Affairs | For Competitive Exams | Quick Revision,https://www.youtube.com/watch?v=tQ7P3X_N7nw&list=PLj61oJGRK5Y78A5WVOdR_398d9DfsOA7N&index=3
Current Affairs,February 2019 Current Affairs | CA Quick Revision | Important February Current Affairs 2019,https://www.youtube.com/watch?v=yV98Ez_UO_U&list=PLj61oJGRK5Y78A5WVOdR_398d9DfsOA7N&index=4
Current Affairs,Major Attacks in India | Pulwama Attack | 2019 | India and Pakistan,https://www.youtube.com/watch?v=vVJhEICj4rU&list=PLj61oJGRK5Y78A5WVOdR_398d9DfsOA7N&index=5
Current Affairs,Indus Water Treaty | सिंधु जल संधि | 2019 | India and Pakistan,https://www.youtube.com/watch?v=qNERqqYYvyA&list=PLj61oJGRK5Y78A5WVOdR_398d9DfsOA7N&index=6
Current Affairs,Geneva Convention and India | 2019 |  IAF Pilot Abhinandan Varthaman,https://www.youtube.com/watch?v=HbIspkyfoko&list=PLj61oJGRK5Y78A5WVOdR_398d9DfsOA7N&index=7
Current Affairs,March Current Affairs 2019 | In 10 minutes,https://www.youtube.com/watch?v=sTL-XwUfx0s&list=PLj61oJGRK5Y78A5WVOdR_398d9DfsOA7N&index=8
Current Affairs,Important Recent Cases of 2018-2019 | Major judgments of 2018 - 2019,https://www.youtube.com/watch?v=jdWkRmXWpGA&list=PLj61oJGRK5Y78A5WVOdR_398d9DfsOA7N&index=9
Current Affairs,Important Constitutional Amendments | Indian Polity | Major Amendments of Indian Constitution,https://www.youtube.com/watch?v=WDcAh2vfsdc&list=PLj61oJGRK5Y78A5WVOdR_398d9DfsOA7N&index=10
Current Affairs,Article 15 Indian Constitution | In Hindi | Important Case Laws,https://www.youtube.com/watch?v=S1i06Jm2Kz4&list=PLj61oJGRK5Y78A5WVOdR_398d9DfsOA7N&index=11
Current Affairs,Current Affairs May 2019 | Quick Wrap-up,https://www.youtube.com/watch?v=61xAO9kKy9w&list=PLj61oJGRK5Y78A5WVOdR_398d9DfsOA7N&index=12
Current Affairs,Current Affairs April | AILET 2019 | CLAT 2019,https://www.youtube.com/watch?v=ye3C4Mfo2pw&list=PLj61oJGRK5Y78A5WVOdR_398d9DfsOA7N&index=13
Current Affairs,Top Current affairs 2018 - 2019 | Current Affair,https://www.youtube.com/watch?v=NaFplK3LYLI&list=PLj61oJGRK5Y78A5WVOdR_398d9DfsOA7N&index=14
Current Affairs,June 2019 Current Affairs,https://www.youtube.com/watch?v=hWze0gsrcPI&list=PLj61oJGRK5Y78A5WVOdR_398d9DfsOA7N&index=15
Current Affairs,July 2019 Current Affairs,https://www.youtube.com/watch?v=soRWHTlLQGo&list=PLj61oJGRK5Y78A5WVOdR_398d9DfsOA7N&index=16
Current Affairs,August 2019 Current Affairs | Special Announcement,https://www.youtube.com/watch?v=6sHRwT4vB-Y&list=PLj61oJGRK5Y78A5WVOdR_398d9DfsOA7N&index=17
Current Affairs,Top Awards For 2019 | Current Affairs Important Awards 2019,https://www.youtube.com/watch?v=HQptn-OuEHU&list=PLj61oJGRK5Y78A5WVOdR_398d9DfsOA7N&index=18
Current Affairs,October 2019 Current Affairs | Monthly Wrap up | November 2019,https://www.youtube.com/watch?v=OTfMvokCams&list=PLj61oJGRK5Y78A5WVOdR_398d9DfsOA7N&index=19
Current Affairs,Ayodhya Verdict: Highlights of Ram Mandir - Babri Masjid Case | 2019 Supreme Court Judgment,https://www.youtube.com/watch?v=7r7pT5fddEw&list=PLj61oJGRK5Y78A5WVOdR_398d9DfsOA7N&index=20
Current Affairs,November 2019 Current Affairs | Monthly Wrap up | November 2019,https://www.youtube.com/watch?v=XOQCm5eNvhs&list=PLj61oJGRK5Y78A5WVOdR_398d9DfsOA7N&index=21
Current Affairs,December 2019 | Current Affairs | Monthly Current Affairs 2019-20,https://www.youtube.com/watch?v=1BmW9rMyWG8&list=PLj61oJGRK5Y78A5WVOdR_398d9DfsOA7N&index=22
Current Affairs,Most Important Awards of 2019 | Awards and Honours Compilation 2019-20,https://www.youtube.com/watch?v=JHP043-Eu90&list=PLj61oJGRK5Y78A5WVOdR_398d9DfsOA7N&index=23
Current Affairs,Top Important Appointments | 2019-2020 | Yearly Compilation,https://www.youtube.com/watch?v=TTsg6rMOpDA&list=PLj61oJGRK5Y78A5WVOdR_398d9DfsOA7N&index=24
Current Affairs,Current Affairs | January 2020 | Monthly Current Affairs 2020,https://www.youtube.com/watch?v=By3JCgLTxzE&list=PLj61oJGRK5Y78A5WVOdR_398d9DfsOA7N&index=25
Current Affairs,2020 February Current Affairs | Monthly Current Affairs 2020,https://www.youtube.com/watch?v=fNn3YFvDWMc&list=PLj61oJGRK5Y78A5WVOdR_398d9DfsOA7N&index=26
Current Affairs,This Women’s Day!,https://www.youtube.com/watch?v=JfK-8r_nNbA&list=PLj61oJGRK5Y78A5WVOdR_398d9DfsOA7N&index=27
Current Affairs,This Women’s Day!,https://www.youtube.com/watch?v=JfK-8r_nNbA&list=PLj61oJGRK5Y78A5WVOdR_398d9DfsOA7N&index=28
Current Affairs,March 2020 Current Affairs | Monthly Current Affairs,https://www.youtube.com/watch?v=pZRG6H9rQA8&list=PLj61oJGRK5Y78A5WVOdR_398d9DfsOA7N&index=29
Current Affairs,Current Affairs April 2020 | Monthly Current Affairs 2020,https://www.youtube.com/watch?v=AfCRXjb8vVI&list=PLj61oJGRK5Y78A5WVOdR_398d9DfsOA7N&index=30
Current Affairs,PM CARES Fund and RTI | Why is PM CARES Fund not covered under RTI?,https://www.youtube.com/watch?v=XAB9TYyC7_c&list=PLj61oJGRK5Y78A5WVOdR_398d9DfsOA7N&index=31
Current Affairs,Quick June Current Affairs | Week 2 June 2020 | 7th-13th June 2020,https://www.youtube.com/watch?v=XyV6mVOVuSI&list=PLj61oJGRK5Y78A5WVOdR_398d9DfsOA7N&index=32
Current Affairs,#Week3 June 2020 Current Affairs | June 2020 Current Affairs,https://www.youtube.com/watch?v=EL4_gV0QxXs&list=PLj61oJGRK5Y78A5WVOdR_398d9DfsOA7N&index=33
Current Affairs,#Week3 June 2020 Current Affairs | June 2020 Current Affairs,https://www.youtube.com/watch?v=EL4_gV0QxXs&list=PLj61oJGRK5Y78A5WVOdR_398d9DfsOA7N&index=34
Current Affairs,July Current Affairs 2020 | 2020 Current Affairs,https://www.youtube.com/watch?v=gNHmdTBwp3c&list=PLj61oJGRK5Y78A5WVOdR_398d9DfsOA7N&index=35
Current Affairs,Most Important Awards of 2020 | Yearly Awards and Honours Compilation 2019-2020,https://www.youtube.com/watch?v=tdTYmjXZuqE&list=PLj61oJGRK5Y78A5WVOdR_398d9DfsOA7N&index=36
Current Affairs,Most Important Rankings of 2019-2020,https://www.youtube.com/watch?v=MkkKqWU22Cs&list=PLj61oJGRK5Y78A5WVOdR_398d9DfsOA7N&index=37
Current Affairs,Satyam Scam Explained | Satyam Fraud Case Study,https://www.youtube.com/watch?v=vPiOOJOFvyI&list=PLj61oJGRK5Y78A5WVOdR_398d9DfsOA7N&index=38
Current Affairs,October 2020 Current Affairs,https://www.youtube.com/watch?v=iPNhVk8gQbk&list=PLj61oJGRK5Y78A5WVOdR_398d9DfsOA7N&index=39
Current Affairs,November 2020 Current Affairs,https://www.youtube.com/watch?v=IdEW6YN5jv0&list=PLj61oJGRK5Y78A5WVOdR_398d9DfsOA7N&index=40
Current Affairs,How India will distribute COVID-19 Vaccine | Who will get the first dose of the Vaccine?,https://www.youtube.com/watch?v=agPjwXjZUL4&list=PLj61oJGRK5Y78A5WVOdR_398d9DfsOA7N&index=41
Current Affairs,Most Important Awards of 2020 | Current Affairs Yearly Compilation 2020 | CLAT UG 2021,https://www.youtube.com/watch?v=hl0SYKsD_SQ&list=PLj61oJGRK5Y78A5WVOdR_398d9DfsOA7N&index=42
Current Affairs,Most Important Rankings of 2020 | Current Affairs Yearly Compilation 2020 | CLAT UG 2021,https://www.youtube.com/watch?v=09lLGIlK_Y0&list=PLj61oJGRK5Y78A5WVOdR_398d9DfsOA7N&index=43
Current Affairs,Important Legal GK 2020 | CLAT UG | Competitive Exams,https://www.youtube.com/watch?v=YbbMQDIUH8E&list=PLj61oJGRK5Y78A5WVOdR_398d9DfsOA7N&index=44
Current Affairs,Monthly Current Affairs 2021 - January and December | Current Affairs 2021,https://www.youtube.com/watch?v=aHU4PiyH8gw&list=PLj61oJGRK5Y78A5WVOdR_398d9DfsOA7N&index=45
Current Affairs,"5 Controversial Web Series and OTT Censorship - Tandav, Mirzapur 2, Paatal Lok, etc.",https://www.youtube.com/watch?v=_7eyLytm0Uo&list=PLj61oJGRK5Y78A5WVOdR_398d9DfsOA7N&index=46
Current Affairs,Myanmar Coup | What is happening and Why? What is a Coup?,https://www.youtube.com/watch?v=eWja-rmuJcM&list=PLj61oJGRK5Y78A5WVOdR_398d9DfsOA7N&index=47
Current Affairs,Uttarakhand Glacier Burst | What caused the Uttarakhand Flood?,https://www.youtube.com/watch?v=Ei99UcxcnPE&list=PLj61oJGRK5Y78A5WVOdR_398d9DfsOA7N&index=48
Current Affairs,Main Reasons for Farmers Protest #Short,https://www.youtube.com/watch?v=GdYVvqjkm8k&list=PLj61oJGRK5Y78A5WVOdR_398d9DfsOA7N&index=49
Current Affairs,What is Toolkit Case and Who is Disha Ravi?,https://www.youtube.com/watch?v=DnLPHoWhp7U&list=PLj61oJGRK5Y78A5WVOdR_398d9DfsOA7N&index=50
Current Affairs,Priya Ramani v. MJ Akbar Case | Defamation Case | India`s #Metoo Movement,https://www.youtube.com/watch?v=EBvIAvoIfQw&list=PLj61oJGRK5Y78A5WVOdR_398d9DfsOA7N&index=51
Current Affairs,Shabnam Case and Remedies available to Death Penalty | Mercy Petition in India,https://www.youtube.com/watch?v=fV4VXd9IJBo&list=PLj61oJGRK5Y78A5WVOdR_398d9DfsOA7N&index=52
Current Affairs,February 2021 | Monthly Current Affairs 2021 - February | Current Affairs 2021,https://www.youtube.com/watch?v=2LcMIBCm_1E&list=PLj61oJGRK5Y78A5WVOdR_398d9DfsOA7N&index=53
Current Affairs,Monthly Current Affairs | March 2021 | Current Affairs 2021,https://www.youtube.com/watch?v=LWem7vtDLoY&list=PLj61oJGRK5Y78A5WVOdR_398d9DfsOA7N&index=54
Current Affairs,Kyu Khate the Geeta ki Kasam? | Indian Oaths Act,https://www.youtube.com/watch?v=KgVVTpx4nEM&list=PLj61oJGRK5Y78A5WVOdR_398d9DfsOA7N&index=55
Current Affairs,How do you Address a Judge? | My Lord or not? | Lawyers in Supreme Court,https://www.youtube.com/watch?v=Fr8b6zFDwjo&list=PLj61oJGRK5Y78A5WVOdR_398d9DfsOA7N&index=56
Current Affairs,Important and Controversial Judgments by Chief Justice Bobde | Important Judgments 2021,https://www.youtube.com/watch?v=XCPduJAAtzk&list=PLj61oJGRK5Y78A5WVOdR_398d9DfsOA7N&index=57
Current Affairs,Types of VIP Security in India,https://www.youtube.com/watch?v=Dz1EWPn0dKY&list=PLj61oJGRK5Y78A5WVOdR_398d9DfsOA7N&index=58
Current Affairs,April 2021 Monthly Current Affairs | Important Current Affairs 2021,https://www.youtube.com/watch?v=-FJ9WHJUDhc&list=PLj61oJGRK5Y78A5WVOdR_398d9DfsOA7N&index=59
Current Affairs,"Difference between an Act, Bill, Ordinance, Rules, Regulations | Explained",https://www.youtube.com/watch?v=OVFy5r1m5Wo&list=PLj61oJGRK5Y78A5WVOdR_398d9DfsOA7N&index=60
Current Affairs,Understand Full History of Israel-Palestine: Explained,https://www.youtube.com/watch?v=GL-Rv2Zy8jQ&list=PLj61oJGRK5Y78A5WVOdR_398d9DfsOA7N&index=61
Current Affairs,Monthly Current Affairs | May 2021 | Current Affairs 2021,https://www.youtube.com/watch?v=KoIR2CRtY7k&list=PLj61oJGRK5Y78A5WVOdR_398d9DfsOA7N&index=62
Current Affairs,July 2021 Monthly Current Affairs | July 2021 | Current Affairs 2021,https://www.youtube.com/watch?v=S2fw1XNJTns&list=PLj61oJGRK5Y78A5WVOdR_398d9DfsOA7N&index=63
Current Affairs,August 2021 Monthly Current Affairs | August 2021 | Current Affairs 2021,https://www.youtube.com/watch?v=ls9MUKD0_RA&list=PLj61oJGRK5Y78A5WVOdR_398d9DfsOA7N&index=64
Current Affairs,Is Marital Rape a Crime in India? | Crime Against Women | IPC,https://www.youtube.com/watch?v=SfI8Y5fxBPY&list=PLj61oJGRK5Y78A5WVOdR_398d9DfsOA7N&index=65
Current Affairs,October 2021 Monthly Current Affairs | October 2021 | Current Affairs 2021,https://www.youtube.com/watch?v=BNNQX_4dNzg&list=PLj61oJGRK5Y78A5WVOdR_398d9DfsOA7N&index=66
Current Affairs,Farm Laws are getting REPEALED! Explained with Full Timeline,https://www.youtube.com/watch?v=x87wMtye4Cs&list=PLj61oJGRK5Y78A5WVOdR_398d9DfsOA7N&index=67
Current Affairs,Rank of Police Officers in India | Indian Police Service | UPSC | State PSC,https://www.youtube.com/watch?v=HCzNNCHEWgo&list=PLj61oJGRK5Y78A5WVOdR_398d9DfsOA7N&index=68
Current Affairs,November 2021 Monthly Current Affairs | November 2021 | Current Affairs 2021,https://www.youtube.com/watch?v=hj0CYduxeSA&list=PLj61oJGRK5Y78A5WVOdR_398d9DfsOA7N&index=69
Current Affairs,MUST Know Important Laws of India!,https://www.youtube.com/watch?v=K65DEXrR9As&list=PLj61oJGRK5Y78A5WVOdR_398d9DfsOA7N&index=70
Current Affairs,Complete Current Affairs 2021 | Top 100 News | All Competitive Exams,https://www.youtube.com/watch?v=1g2IDXaWZys&list=PLj61oJGRK5Y78A5WVOdR_398d9DfsOA7N&index=71
Current Affairs,December 2021 Monthly Current Affairs | December 2021 | Current Affairs 2021,https://www.youtube.com/watch?v=94mZSjK-RcQ&list=PLj61oJGRK5Y78A5WVOdR_398d9DfsOA7N&index=72
Current Affairs,Complete Current Affairs Part 2 | Top 100 News | Competitive Exams,https://www.youtube.com/watch?v=RciT0tBByzM&list=PLj61oJGRK5Y78A5WVOdR_398d9DfsOA7N&index=73
Current Affairs,GK Series on Computer Knowledge | Competitive Exams 2022,https://www.youtube.com/watch?v=IVdrYhkHINE&list=PLj61oJGRK5Y78A5WVOdR_398d9DfsOA7N&index=74
Current Affairs,BASICS of BANKING | For Competitive Exams 2022,https://www.youtube.com/watch?v=NGWesJRKw6Y&list=PLj61oJGRK5Y78A5WVOdR_398d9DfsOA7N&index=75
Current Affairs,January 2022 | Monthly Current Affairs| Current Affairs 2022,https://www.youtube.com/watch?v=h4h79aOf1K0&list=PLj61oJGRK5Y78A5WVOdR_398d9DfsOA7N&index=76
Current Affairs,Ukraine Russia Crisis | Russia Ukraine conflict explained,https://www.youtube.com/watch?v=ZhSMv-AB-jg&list=PLj61oJGRK5Y78A5WVOdR_398d9DfsOA7N&index=77
Current Affairs,February 2022 | Monthly Current Affairs| Current Affairs 2022,https://www.youtube.com/watch?v=MQHRdXqQB6M&list=PLj61oJGRK5Y78A5WVOdR_398d9DfsOA7N&index=78
Current Affairs,Most Important Current Affairs for Law Entrance Exams 2022 | CLAT | AILET | DU LLB,https://www.youtube.com/watch?v=M3O6bW8dDFE&list=PLj61oJGRK5Y78A5WVOdR_398d9DfsOA7N&index=79
Current Affairs,March 2022 | Monthly Current Affairs | Competitive Exams,https://www.youtube.com/watch?v=ul2eRvUikz4&list=PLj61oJGRK5Y78A5WVOdR_398d9DfsOA7N&index=80
Current Affairs,April 2022 | Monthly Current Affairs | Competitive Exams,https://www.youtube.com/watch?v=mJAjLWFDOoI&list=PLj61oJGRK5Y78A5WVOdR_398d9DfsOA7N&index=81
Current Affairs,May 2022 | Monthly Current Affairs | Competitive Exams,https://www.youtube.com/watch?v=YP1BarGGMX0&list=PLj61oJGRK5Y78A5WVOdR_398d9DfsOA7N&index=82
Current Affairs,National Emblem Controversy Row | Why is it so Controversial? | Finology Legal,https://www.youtube.com/watch?v=Xu-KuOLqnd4&list=PLj61oJGRK5Y78A5WVOdR_398d9DfsOA7N&index=83
Current Affairs,Facts you didnt know about Presidents | Draupadi Murmu |Presidential Elections 2022,https://www.youtube.com/watch?v=CV1syXmbl-s&list=PLj61oJGRK5Y78A5WVOdR_398d9DfsOA7N&index=84
Current Affairs,July 2022 | Monthly Current Affairs | Competitive Exams,https://www.youtube.com/watch?v=GWtjnsotX2E&list=PLj61oJGRK5Y78A5WVOdR_398d9DfsOA7N&index=85
Current Affairs,India @75 | How far has India come since Independence? Finology Legal,https://www.youtube.com/watch?v=qsAa-K4aLlU&list=PLj61oJGRK5Y78A5WVOdR_398d9DfsOA7N&index=86
Legal Theory and Jurisprudence,Basics of Jurisprudence | Analytical School - Bentham & Austin | Legal classes online In Hindi,https://www.youtube.com/watch?v=vlijnl2VKTY&list=PLj61oJGRK5Y6z9s7gGorowrObcGZkvrgz&index=1
Legal Theory and Jurisprudence,Basics of Historical School of Jurisprudence | Jurisprudence in Hindi,https://www.youtube.com/watch?v=zGpyi1fgo2s&list=PLj61oJGRK5Y6z9s7gGorowrObcGZkvrgz&index=2
Legal Theory and Jurisprudence,Philosophical School of Jurisprudence | Natural Law School | Legal Theory | In Hindi,https://www.youtube.com/watch?v=4H456YMZdYU&list=PLj61oJGRK5Y6z9s7gGorowrObcGZkvrgz&index=3
Legal Theory and Jurisprudence,Sociological School of Jurisprudence | In Hindi,https://www.youtube.com/watch?v=mzz933TjQH4&list=PLj61oJGRK5Y6z9s7gGorowrObcGZkvrgz&index=4
Legal Theory and Jurisprudence,Realist School | Jurisprudence |American Realism | In Hindi,https://www.youtube.com/watch?v=ezCzMxhQ4_k&list=PLj61oJGRK5Y6z9s7gGorowrObcGZkvrgz&index=5
Legal Theory and Jurisprudence,Schools of Jurisprudence and Legal Theory | Analytical School and Historical School,https://www.youtube.com/watch?v=xmjtEOxkH7s&list=PLj61oJGRK5Y6z9s7gGorowrObcGZkvrgz&index=6
Legal Theory and Jurisprudence,How to Read a Case Citation,https://www.youtube.com/watch?v=lrwgc-Cbd5E&list=PLj61oJGRK5Y6z9s7gGorowrObcGZkvrgz&index=7
